-- MySQL dump 10.13  Distrib 5.7.25, for Linux (x86_64)
--
-- Host: localhost    Database: nutrisio
-- ------------------------------------------------------
-- Server version	5.7.25-0ubuntu0.16.04.2

/*!40101 SET @OLD_CHARACTER_SET_CLIENT=@@CHARACTER_SET_CLIENT */;
/*!40101 SET @OLD_CHARACTER_SET_RESULTS=@@CHARACTER_SET_RESULTS */;
/*!40101 SET @OLD_COLLATION_CONNECTION=@@COLLATION_CONNECTION */;
/*!40101 SET NAMES utf8 */;
/*!40103 SET @OLD_TIME_ZONE=@@TIME_ZONE */;
/*!40103 SET TIME_ZONE='+00:00' */;
/*!40014 SET @OLD_UNIQUE_CHECKS=@@UNIQUE_CHECKS, UNIQUE_CHECKS=0 */;
/*!40014 SET @OLD_FOREIGN_KEY_CHECKS=@@FOREIGN_KEY_CHECKS, FOREIGN_KEY_CHECKS=0 */;
/*!40101 SET @OLD_SQL_MODE=@@SQL_MODE, SQL_MODE='NO_AUTO_VALUE_ON_ZERO' */;
/*!40111 SET @OLD_SQL_NOTES=@@SQL_NOTES, SQL_NOTES=0 */;

--
-- Table structure for table `admin`
--

DROP TABLE IF EXISTS `admin`;
/*!40101 SET @saved_cs_client     = @@character_set_client */;
/*!40101 SET character_set_client = utf8 */;
CREATE TABLE `admin` (
  `uid` varchar(20) COLLATE latin1_general_ci NOT NULL DEFAULT '',
  `nama` varchar(100) COLLATE latin1_general_ci NOT NULL DEFAULT '',
  `password` varchar(32) COLLATE latin1_general_ci NOT NULL DEFAULT '',
  `status` char(1) COLLATE latin1_general_ci DEFAULT '0',
  `online` char(1) COLLATE latin1_general_ci DEFAULT '0',
  `lastaktif` datetime DEFAULT NULL,
  `ipaddr` varchar(50) COLLATE latin1_general_ci DEFAULT NULL,
  `sesino` int(11) DEFAULT NULL,
  `jenis_user` text COLLATE latin1_general_ci,
  `hak_akses` text COLLATE latin1_general_ci,
  PRIMARY KEY (`uid`)
) ENGINE=InnoDB DEFAULT CHARSET=latin1 COLLATE=latin1_general_ci ROW_FORMAT=COMPACT;
/*!40101 SET character_set_client = @saved_cs_client */;

--
-- Dumping data for table `admin`
--

LOCK TABLES `admin` WRITE;
/*!40000 ALTER TABLE `admin` DISABLE KEYS */;
INSERT INTO `admin` (`uid`, `nama`, `password`, `status`, `online`, `lastaktif`, `ipaddr`, `sesino`, `jenis_user`, `hak_akses`) VALUES ('gobag','Gobag','827ccb0eea8a706c4c34a16891f84e7b','1','0',NULL,NULL,NULL,'operator','[{\"jenis\":\"bank\",\"id\":\"2\"},{\"jenis\":\"kas\",\"id\":\"1\"},{\"jenis\":\"kas\",\"id\":\"2\"}]'),('kszxpo','VulnWalker','a3bf5a28aef3c4d7d3d3417d7b41f023','1','1','2019-04-05 20:55:15','103.84.147.192',1278553737,'admin','[{\"jenis\":\"bank\",\"id\":\"1\"},{\"jenis\":\"bank\",\"id\":\"3\"},{\"jenis\":\"bank\",\"id\":\"2\"},{\"jenis\":\"kas\",\"id\":\"1\"},{\"jenis\":\"kas\",\"id\":\"2\"},{\"jenis\":\"bank\",\"id\":\"4\"}]'),('NADIA','NADIA','827ccb0eea8a706c4c34a16891f84e7b','1','0',NULL,NULL,NULL,'operator','[{\"jenis\":\"kas\",\"id\":\"1\"}]'),('ros','Ros','827ccb0eea8a706c4c34a16891f84e7b','1','1','2019-03-02 19:08:43','160.19.64.141',1893028069,'operator','[{\"jenis\":\"kas\",\"id\":\"1\"}]'),('SA','Iwan Hardiwan','e10adc3949ba59abbe56e057f20f883e','1','1','2019-01-16 11:58:51','125.163.110.11',1828140064,'operator','[{\"jenis\":\"bank\",\"id\":\"1\"},{\"jenis\":\"bank\",\"id\":\"3\"},{\"jenis\":\"bank\",\"id\":\"2\"},{\"jenis\":\"kas\",\"id\":\"1\"},{\"jenis\":\"kas\",\"id\":\"2\"},{\"jenis\":\"bank\",\"id\":\"4\"}]');
/*!40000 ALTER TABLE `admin` ENABLE KEYS */;
UNLOCK TABLES;

--
-- Table structure for table `artikel`
--

DROP TABLE IF EXISTS `artikel`;
/*!40101 SET @saved_cs_client     = @@character_set_client */;
/*!40101 SET character_set_client = utf8 */;
CREATE TABLE `artikel` (
  `id` int(11) NOT NULL AUTO_INCREMENT,
  `judul` text NOT NULL,
  `isi_artikel` text NOT NULL,
  `tanggal` date NOT NULL,
  `status` text NOT NULL,
  PRIMARY KEY (`id`)
) ENGINE=InnoDB AUTO_INCREMENT=4 DEFAULT CHARSET=latin1;
/*!40101 SET character_set_client = @saved_cs_client */;

--
-- Dumping data for table `artikel`
--

LOCK TABLES `artikel` WRITE;
/*!40000 ALTER TABLE `artikel` DISABLE KEYS */;
INSERT INTO `artikel` (`id`, `judul`, `isi_artikel`, `tanggal`, `status`) VALUES (1,'DracOS Linux - Dari Indonesia Untuk Para Hacker dan Pentester','PHA+PGJyIC8+PC9wPgo8ZGl2PktlbWFyaW4gKCAyNyBGZWJydWFyaSAyMDE2KSAsIHZlcnNpIGZpbmFsIERyYWNPUyBMaW51eCB2MS4wIGNvZGVuYW1lIFZhaXJ1c2EgZGlyaWxpcy4gVmVyc2kgZmluYWwgaW5pIHRlbnR1IG1lbWJhd2EgYmFueWFrIHBlbnllbXB1cm5hYW4gZGFyaSB2ZXJzaSBwcmUtdGVzdCB5YW5nIGRpcmlsaXMgc2ViZWx1bW55YS4gRGFuIGthbGkgaW5pIHNheWEgYWthbiBtZXJldmlldyBEcmFjT1MgTGludXggdmVyc2kgcGVydGFtYSBpbmkuPC9kaXY+PGEgbmFtZT0ibW9yZSI+PC9hPgo8dGFibGUgYWxpZ249ImNlbnRlciIgY2VsbHBhZGRpbmc9IjAiIGNlbGxzcGFjaW5nPSIwIiBzdHlsZT0id2lkdGg6IDUxNnB4OyI+CiAgPHRib2R5PgogICAgPHRyPgogICAgICA8dGQgc3R5bGU9IndpZHRoOiA1MTZweDsiPjxhIGhyZWY9Imh0dHBzOi8vMS5icC5ibG9nc3BvdC5jb20vLUtVWmVzSFFwS0RBL1Z0SmY5RWRLb2lJL0FBQUFBQUFBQXBVL2o2Y19LczRoVmo4L3MxNjAwL2RyYWNvcy1maW5hbC0xLnBuZyIgaW1hZ2VhbmNob3I9IjEiPjxpbWcgYm9yZGVyPSIwIiBoZWlnaHQ9IjQ4MCIgc3JjPSJodHRwczovLzEuYnAuYmxvZ3Nwb3QuY29tLy1LVVplc0hRcEtEQS9WdEpmOUVkS29pSS9BQUFBQUFBQUFwVS9qNmNfS3M0aFZqOC9zNjQwL2RyYWNvcy1maW5hbC0xLnBuZyIgd2lkdGg9IjY0MCIgc3R5bGU9ImJvcmRlci13aWR0aDogMXB4OyBib3JkZXItaW1hZ2Utd2lkdGg6IGluaXRpYWw7IG1heC13aWR0aDogMTAwJTsgaGVpZ2h0OiBhdXRvOyIgLz48L2E+PC90ZD4KICAgIDwvdHI+CiAgICA8dHI+CiAgICAgIDx0ZCBzdHlsZT0id2lkdGg6IDUxNnB4OyI+ZHJhY29zLWxpbnV4Lm9yZzwvdGQ+CiAgICA8L3RyPgogIDwvdGJvZHk+CjwvdGFibGU+CjxkaXY+U2ViZWx1bW55YSwgbXVuZ2tpbiBhZGEgeWFuZyBiZXJ0YW55YSBhcGEgYXBhIGl0dSBEcmFjT1MgTGludXggPyBUdXJ1bmFuIGRhcmkgZGlzdHJvIGFwYSA/PC9kaXY+CjxkaXY+T2tlLCBEcmFjT1MgTGludXggYWRhbGFoIHNpc3RlbSBvcGVyYXNpIGxpbnV4LCBiZXJzaWZhdCBvcGVuc291cmNlIHlhbmcgZGkgYmFuZ3VuIGJlcmRhc2Fya2FuIExpbnV4IEZyb20gVGhlIFNjcmF0Y2guIERyYWNvcyBsaW51eCBkaSBiYXdhaCBwZXJsaW5kdW5nYW4gR05VIEdlbmVyYWwgUHVibGljIExpY2Vuc2UgdjMuMC4gU2lzdGVtIG9wZXJhc2kgaW5pIG1lcnVwYWthbiBzYWxhaCBzYXR1IHZhcmlhbiBkaXN0cm8gbGludXggLCB5YW5nIGRpIGd1bmFrYW4gdW50dWsgbWVsYWt1a2FuIHBlbmd1amlhbiBzZWN1cml0eSAocGVuZXRyYXRpb24gdGVzdGluZykuPC9kaXY+CjxkaXY+RHJhY29zIGxpbnV4IGRpIGJla2FsaSBvbGVoIHJhdHVzYW4gdG9vbHMgcGVudGVzdCwgZm9yZW5zaWNzIGRhbiByZXZlcnNlIGVuZ2luZWVyaW5nLiBEcmFjb3MgbGludXggdGlkYWsgbWVuZ2d1bmFrYW4gdG9vbHMtdG9vbHMgYmVyYmFzaXMgR1VJIGRhbiBoYW55YSBtZW1pbGtpIHBlcmFuZ2thdCBsdW5hayB5YW5nIG1lbmdndW5ha2FuIENMSSAoY29tbWFuZCBsaW5lIGludGVyZmFjZSkgdW50dWsgbWVsYWt1a2FuIG9wZXJhc2lueWEuPC9kaXY+CjxkaXY+SmFkaSwgRHJhY09TIExpbnV4IGluaSBkaWJhbmd1biBkYXJpIGF3YWwgKExpbnV4IEZyb20gVGhlIFNjcmF0Y2gpLCBidWthbiB0dXJ1bmFuIGRpc3RybyBsYWluLjwvZGl2Pgo8ZGl2PkRhbiBzZXBlcnRpIHlhbmcgc3VkYWggZGlqZWxhc2thbiBzZWJlbHVtbnlhLCBEcmFjT1MgTGludXggbWVydXBha2FuIGRpc3RybyBMaW51eCB5YW5nIGRpdHVqdWthbiB1bnR1ayBrZWdpYXRhbiBwZW5ndWppYW4gc2VjdXJpdHkuIExhbHUgYXBhIGJlZGFueWEgZGVuZ2FuIGRpc3RybyBsYWluIHNlcGVydGkgQ3lib3JnLCBLYWxpICwgQXJjaCAsIGRsbCA/PC9kaXY+CjxkaXY+RHJhY09TIGxlYmloIG1lbWZva3Vza2FuIGtlIHBlcmZvcm1hIHNlaGluZ2dhIGhhbXBpciBzZW11YSB0b29scyAvIGFwbGlrYXNpIG55YSBkaWphbGFua2FuIGRlbmdhbiBDTEkuPGJyIC8+RGFuIERyYWNPUyBMaW51eCB2MS4wIGluaSBtZW5nZ3VuYWthbiBEV00gc2ViYWdhaSBERSBueWEsIGRpbWFuYSBkaSB2ZXJzaSBwcmUtdGVzdCBtZXJla2EgbWVuZ2d1bmFrYW4gb3BlbmJveC4mbmJzcDs8YnIgLz5CZXJpa3V0IGxpc3QgcGVydWJhaGFuIGRhbiBwZW5hbWJhaGFuIHRvb2xzIGRpIHZlcnNpIERyYWNPUyBMaW51eCB2MS4wPGJyIC8+PHN0cm9uZz5LZXJuZWwgc3VwcG9ydDwvc3Ryb25nPjxiciAvPgogIDx1bD4KICAgIDxsaT5yZWNvbXBpbGUga2VybmVsIDQuMi4wIHdpdGggdmFyaW91cyBzb3VuZCBkcml2ZXIgc3VwcG9ydDwvbGk+CiAgPC91bD48c3Ryb25nPlNoZWxsPC9zdHJvbmc+PGJyIC8+CiAgPHVsPgogICAgPGxpPmFkZGVkIGRhc2g8L2xpPgogIDwvdWw+PHN0cm9uZz5EZXNrdG9wIGVudmlyb25tZW50PC9zdHJvbmc+PGJyIC8+CiAgPHVsPgogICAgPGxpPnJlbW92ZSBvcGVuYm94ICggbm90IG5lZWQgYW55bW9yZSApPC9saT4KICAgIDxsaT5yZW1vdmUgY29ua3kgKCBub3QgbmVlZCBhbnltb3JlICk8L2xpPgogICAgPGxpPnJlbW92ZSBseHBhbmVsICggbm90IG5lZWQgYW55bW9yZSApPC9saT4KICAgIDxsaT5hZGRlZCBEV00sZG1lbnUsZHdtc3RhdHVzPC9saT4KICAgIDxsaT5hZGRlZCBHUE0gZGFlbW9uPC9saT4KICAgIDxsaT5hZGRlZCBYS2V5Ym9hcmRDb25maWcgc3VwcG9ydDwvbGk+CiAgICA8bGk+YWRkZWQgZnJpYmlkaSBzdXBwb3J0IGZvciBhcmFiaWMgZm9udDwvbGk+CiAgICA8bGk+YWRkZWQgZ2lmbGliIHN1cHBvcnQ8L2xpPgogICAgPGxpPmFkZGVkIGtleW1hcCBjb21waWxlciBhbmQgc3VwcG9ydCBsaWJyYXJ5IChsaWJ4a2Jjb21tb24pPC9saT4KICAgIDxsaT5hZGRlZCBhYWxpYiBmb3IgYXNjaWkgc3VwcG9ydDwvbGk+CiAgPC91bD48c3Ryb25nPlByb2dyYW1taW5nIHN1cHBvcnQ8L3N0cm9uZz48YnIgLz4KICA8dWw+CiAgICA8bGk+YWRkZWQgeWFzbTwvbGk+CiAgICA8bGk+R0Mgd2l0aCBsaWJhdG9taWNfb3BzIHN1cHBvcnQ8L2xpPgogICAgPGxpPmFkZGVkIGNoZWNrIHN1cG9ydCBmb3IgY29tcGlsZXI8L2xpPgogICAgPGxpPmFkZGVkIEdOVSBTY2llbnRpZmljIExpYnJhcnkgKEdTTCk8L2xpPgogICAgPGxpPmFkZGluZyBhc3luY2hyb25vdXMgZXZlbnQgbm90aWZpY2F0aW9uIHNvZnR3YXJlIGxpYnJhcnkgKGxpYmV2ZW50KTwvbGk+CiAgICA8bGk+YWRkaW5nIHBvcHQgbGlicmFyaWVzPC9saT4KICAgIDxsaT5hZGRpbmcgcG9ydGFibGUgUE9TSVgvQU5TSS1DIGJhc2VkIGxpYnJhcnkgZm9yIFVuaXggcGxhdGZvcm1zIChucHRoKTwvbGk+CiAgICA8bGk+ZHluYW1pYyBsaWJyYXJ5IGxvYWQgcGF0aCAocnBhdGggYW5kIHJ1bnBhdGgpIChjaHJwYXRoKTwvbGk+CiAgPC91bD48c3Ryb25nPk5ldHdvcmsgc3VwcG9ydDwvc3Ryb25nPjxiciAvPgogIDx1bD4KICAgIDxsaT5hZGRlZCBsaW5rczIgdXBncmFkZSBMaWJUSUZGIHZlcnNpb248L2xpPgogICAgPGxpPmFkZGVkIHNhbWJhIHByb3RvY29sPC9saT4KICAgIDxsaT5hZGRlZCBPcGVuTERBUDwvbGk+CiAgICA8bGk+YWRkZWQgQ3lydXMgU0FTTDwvbGk+CiAgICA8bGk+YWRkZWQgZ2l0IHN1cHBvcnQ8L2xpPgogICAgPGxpPmFkZGVkIHJkZXNrdG9wPC9saT4KICAgIDxsaT5hZGRlZCBiaW5kIHRvb2xzIGZvciBkaWcsIGhvc3QsIGFuZCBuc2xvb2t1cCBjb21tYW5kPC9saT4KICAgIDxsaT5hZGRlZCBsaWJpZG4gc3VwcG9ydDwvbGk+CiAgICA8bGk+YWRkZWQgbGliZXNtdHAgbGlicmFyaWVzPC9saT4KICAgIDxsaT5hZGRlZCBsaWJuZHAgaXMgYSB3cmFwcGVyIGZvciBJUHY2IE5laWdoYm9yIERpc2NvdmVyeSBQcm90b2NvbDwvbGk+CiAgICA8bGk+YWRkZWQgSGVpcmxvb20gbWFpbHg8L2xpPgogICAgPGxpPmFkZGVkIGxkbnMgKEROUyBsaWJyYXJ5KTwvbGk+CiAgPC91bD48c3Ryb25nPlBlbmV0cmF0aW9uIHRvb2xzPC9zdHJvbmc+PGJyIC8+CiAgPHVsPgogICAgPGxpPmFkZGVkIGFjdGl2ZXJlY29yZCBzcWxpdGUzLXJ1YnkgKCBmb3Iga2FybWEgbWV0YXNwbG9pdCBzdXBwb3J0KTwvbGk+CiAgICA8bGk+YWRkZWQgaGFtc3RlciBhbmQgZmVycmV0PC9saT4KICAgIDxsaT5hZGRlZCBzbXRwLXVzZXItZW51bTwvbGk+CiAgPC91bD48c3Ryb25nPk11bHRpbWVkaWEgc3VwcG9ydDwvc3Ryb25nPjxiciAvPgogIDx1bD4KICAgIDxsaT5hZGRlZCBkYWVtb24gcHVsc2VhdWRpbzwvbGk+CiAgICA8bGk+YWRkZWQgZGVwZW5kIDogSlNPTi1DLCBsaWJzbmRmaWxlPC9saT4KICAgIDxsaT5hZGRlZCBjbXVzIGNvbnNvbGUgbXVzaWMgcGxheWVyIGxpa2UgbW9jIChzdXBwb3J0IHdhdiwgbXAzIHdpdGggbGlibWFkKTwvbGk+CiAgICA8bGk+YWRkZWQgcmVjb3JkbXlkZXNrdG9wPC9saT4KICA8L3VsPjxzdHJvbmc+TWFuYWplbWVuPC9zdHJvbmc+PGJyIC8+CiAgPHVsPgogICAgPGxpPmFkZGVkIGZjcm9uIGZvciBjcm9uIGpvYjwvbGk+CiAgICA8bGk+YWRkZWQgcDd6aXAgZm9yIDd6aXAgc3VwcG9ydDwvbGk+CiAgICA8bGk+YWRkZWQgbG1fc2Vuc29ycyBmb3Igc2Vuc29ycyBjcHUgZGV0ZWN0aW9uPC9saT4KICAgIDxsaT5hZGRlZCBpbml0ZC10b29scyBmb3IgTFNCIHN1cHBvcnQ8L2xpPgogICAgPGxpPmFkZGVkIGRidXMtZ2xpYiBzdXBwb3J0PC9saT4KICAgIDxsaT5hZGRlZCBleGlmMiBmb3IgbWFuYWdpbmcgaW1hZ2UgYW5kIHZpZGVvIG1ldGFkYXRhLjwvbGk+CiAgICA8bGk+YWRkZWQgbGliZXhpZiBmb3IgYXJzaW5nLCBlZGl0aW5nLCBhbmQgc2F2aW5nIEVYSUYgZGF0YTwvbGk+CiAgICA8bGk+YWRkZWQgbGlic2lnc2VndjwvbGk+CiAgICA8bGk+YWRkZWQgUG93ZXIgbWFuYWdlbWVudCB0b29scyAocG0tdXRpbHMpPC9saT4KICAgIDxsaT5hZGRlZCBzdXBwb3J0IGZvciAnc2hlbGwnIGFyY2hpdmVzIChzaGFydXRpbHMpPC9saT4KICAgIDxsaT5hZGRlZCBzdXBwb3J0IGZvciBPcGVuIFNvdXJjZSBPREJDIChPcGVuIERhdGFCYXNlIENvbm5lY3Rpdml0eSkgc3ViLXN5c3RlbSBhbmQgYW4gT0RCQyBTREsgZm9yIExpbnV4ICh1bml4T0RCQyk8L2xpPgogICAgPGxpPmFkZGVkIHN5c3N0YXQgdG9vbHMgZm9yIGRyaXZpbmcgY3JvbiBhbmQgZW5hYmxlIGNpZnNpb3N0YXQsIGlvc3RhdCwgbXBzdGF0LCBwaWRzdGF0LCBzYWRmLCBzYXIsIGFuZCB0YXBlc3RhdCBjb21tYW5kPC9saT4KICAgIDxsaT5hZGRlZCB0cmVlIGZvciBtYW5hamVtZW4gZmlsZSB0cmVlPC9saT4KICA8L3VsPjxzdHJvbmc+Rml4IGJ1Zzwvc3Ryb25nPjxiciAvPgogIDx1bD4KICAgIDxsaT5tb3JlIGJ1ZyBmaXggZm9yIERFPC9saT4KICAgIDxsaT5maXggaXNjLWRoY3Atc2VydmVyPC9saT4KICAgIDxsaT5tb3JlIGJ1ZyBmaXggZm9yIHRvb2xzPC9saT4KICAgIDxsaT5maXggYWxzYSBkcml2ZXI8L2xpPgogIDwvdWw+QmFnYWltYW5hIGNhcmEgaW5zdGFsbCBueWEgPzxiciAvPk1lbnVydXQga2V0ZXJhbmdhbiB5YW5nIHNheWEgZGFwYXQgZGFyaSBzYWxhaCBzYXR1IGRldmVsb3BlciBEcmFjT1MgeWFpdHUgbWFzIFppY28gRWtlbCwgRHJhY09TIGJ1a2FuIHN0YW5kYWxvbmUgb3MuIEFsaWFzIHRpZGFrIGJpc2EgYmVyZGlyaSBzZW5kaXJpLjxiciAvPkphZGkga2FsaWFuIGJpc2EgbWVuZ2luc3RhbGwgbnlhIGRlbmdhbiBtZWxha3VrYW4gZHVhbCBib290IGRlbmdhbiBsaW51eCBsYWluLCBoYXJ1cyBsaW51eCBsb2ggeWEsIGdhayBiaXNhIGRpIGR1YWwgYm9vdCBzYW1hIGplbmRlbGEsIGFuZHJvaWQgeDg2IGp1Z2EgdGlkYWsgYmlzYS48YnIgLz5DYXJhIG55YT88YnIgLz5OYWgga2ViZXR1bGFuIHNhbGFoc2F0dSBSZXBvcnRlciBkaSB0aW0gcGVuZ2VtYmFuZyBEcmFjT1MgTGludXggKCBSYW5kYWxsIFR1eCApIHN1ZGFoIG1lbnVsaXMgdHV0b3JpYWwgcGVuZ2luc3RhbGxhbiBEcmFjT1MgTGludXggaW5pLjxiciAvPjxhIGhyZWY9Imh0dHBzOi8vMHhmZjAubmV0L2hvdy10by1pbnN0YWxsLWRyYWNvcy11c2luZy1yc3luYy8iPkhPVyBUTyBJTlNUQUxMIERSQUNPUyBVU0lORyBSU1lOQzwvYT48YnIgLz48YnIgLz5OYWggbXVuZ2tpbiBhZGEgeWFuZyBiaW5ndW5nIGRlbmdhbiBwZW5nb3BlcmFzaWFuIERXTSBwYWRhIERyYWNPUyBMaW51eCAsIGthbGlhbiBiaXNhIG1lbGloYXQgdmlkZW8gbnlhIGRpc2luaSA6PGJyIC8+PGEgaHJlZj0iaHR0cHM6Ly93d3cueW91dHViZS5jb20vd2F0Y2g/dj0xQno0MmlZX0R5RSI+SG93IHRvIFVzZSBEV00gb24gRHJhY09TIExpbnV4PC9hPjxiciAvPjxiciAvPlRlcnRhcmlrID88YnIgLz5LYWxpYW4gYmlzYSBtZW5kb3dubG9hZCBEcmFjT1MgTGludXggZGkgUmVwbyBSZXNtaSBueWEgOjxiciAvPjxhIGhyZWY9Imh0dHA6Ly9taXJyb3IuaW5kb25lc2lhbmJhY2t0cmFjay5vci5pZC8/ZGlyPURyYWNPcy9pc28iPmh0dHA6Ly9taXJyb3IuaW5kb25lc2lhbmJhY2t0cmFjay5vci5pZC8/ZGlyPURyYWNPcy9pc288L2E+PGJyIC8+PGJyIC8+QXRhdSBrYWxpYW4gdGVydGFyaWsgdW50dWsgbWVtaXJyb3Iga2FuIHJlcG8gRHJhY09TLCBrYWxpYW4gYmlzYSBtZW5naHVidW5naSBzYWxhaHNhdHUgVGltIERyYWNPUyBMaW51eCBkaSBlbWFpbCZuYnNwO3JuZHR4W2F0XWRyYWNvcy1saW51eFtkb3RdaWQ8YnIgLz48YnIgLz5KaWthIGthbGlhbiBtZW5nYWxhbWkga2VzdWxpdGFuIGF0YXUgbWVuZ2FsYW1pIG1hc2FsYWggZGVuZ2FuIERyYWNPUyBMaW51eCwga2FsaWFuIGJpc2EgbWVuZGlza3VzaWthbiBueWEgZGkgZm9ydW0gRHJhY09TLjxiciAvPjxhIGhyZWY9Imh0dHBzOi8vZHJhY29zLWxpbnV4Lm9yZy9wcm9qZWN0cy9kcmFjb3NsaW51eC9ib2FyZHMiPmh0dHBzOi8vZHJhY29zLWxpbnV4Lm9yZy9wcm9qZWN0cy9kcmFjb3NsaW51eC9ib2FyZHM8L2E+PGJyIC8+PGJyIC8+VGVudHUgc2FqYSBrYWxpYW4gaGFydXMgcmVnaXN0cmFzaSB0ZXJsZWJpaCBkYWh1bHUuPGJyIC8+U2VraWFuIHJldmlldyBrYWxpIGluaSwgZ28gbGludXggZ28gb3BlbnNvdXJjZSAhPC9kaXY+CjxwPjxiciAvPjwvcD4=','2019-03-18','AKTIF'),(2,'BackBox - Distro Hacking User Friendly Turunan Ubuntu 2','PGRpdj5LYWxpYW4gaW5naW4gbWVuZ2d1bmFrYW4gR05VL0xpbnV4IHVudHVrIGtlZ2lhdGFuIGhhY2tpbmcgbmFtdW4gbWVyYXNhIGthbGF1IEJsYWNrQXJjaCBhdGF1IG11bmdraW4gS2FsaSBMaW51eCB0ZXJsYWx1IHJ1bWl0IHVudHVrIGRpZ3VuYWthbj8gTXVuZ2tpbiBrYWxpYW4gaGFydXMgbWVuY29iYSBCYWNrQm94IExpbnV4LiBLZW5hbWEgc2F5YSBtZXJla29tZW5kYXNpa2FuIEJhY2tCb3gsIGthcmVuYSBkaXN0cm8gaW5pIG1lcnVwYWthbiB0dXJ1bmFuIFVidW50dSB5YW5nIG1lbWFuZyB0ZXJrZW5hbCB1c2VyLWZyaWVuZGx5LCBzZWxhaW4gaXR1IGRlZmF1bHQgZGVza3RvcG55YSBhZGFsYWggWGZjZSB5YW5nIHRlbnR1IGxlYmloIHJpbmdhbiBkYXJpcGFkYSBtaWxpayBLYWxpIExpbnV4LiAyPC9kaXY+PGEgbmFtZT0ibW9yZSI+PC9hPgo8ZGl2PjxhIGhyZWY9Imh0dHBzOi8vMy5icC5ibG9nc3BvdC5jb20vLVNsYk5CYWpFdlpBL1ZyTC1TLVN4RkhJL0FBQUFBQUFBQVhBL1BLOTV3YkNsQTJ3L3MxNjAwL0JhY2tib3gucG5nIiBpbWFnZWFuY2hvcj0iMSI+PGltZyBib3JkZXI9IjAiIGhlaWdodD0iNDE2IiBzcmM9Imh0dHBzOi8vMy5icC5ibG9nc3BvdC5jb20vLVNsYk5CYWpFdlpBL1ZyTC1TLVN4RkhJL0FBQUFBQUFBQVhBL1BLOTV3YkNsQTJ3L3M2NDAvQmFja2JveC5wbmciIHdpZHRoPSI2NDAiIGRhdGEtcGFnZXNwZWVkLXVybC1oYXNoPSIyNTcyNjE1MDUyIiBzdHlsZT0iYm9yZGVyLXdpZHRoOiAxcHg7IGJvcmRlci1pbWFnZS13aWR0aDogaW5pdGlhbDsgbWF4LXdpZHRoOiAxMDAlOyB3aWR0aDogNDc2cHg7IGhlaWdodDogMzA5cHg7IiAvPjwvYT48L2Rpdj4KPGRpdj5CYWNrQm94IExpbnV4IHNlbmRpcmkgbWVtYW5nIGRpZGVzYWluIHVudHVrIG1lbGFrdWthbiBrZWdpYXRhbiBwZW5ldHJhdGlvbiB0ZXN0aW5nIGRhbiBldGhpY2FsIGhhY2tpbmcsIG9sZWhrYXJlbmFueWEgZGlzdHJvIGluaSBkaWxlbmdrYXBpIGRlbmdhbiB0b29scyB0b29scyBoYWNraW5nIHlhbmcgYWthbiBzYW5nYXQgYmVyZ3VuYSBzYWF0IG1lbGFrdWthbiBwcm9zZXMgYW5hbGlzYSBrZWFtYW5hbi4gVW50dWsgZGVza3RvcCwgQmFja0JveCBoYWRpciBkZW5nYW4gWGZjZSwgeWFuZyB0ZW50dSBzYWphIGRlc2t0b3AgcmluZ2FuIGluaSBkaXR1anVrYW4gYWdhciB0aWRhayBtZW5nZ2FuZ2d1IGtpbmVyamEgaGFyZHdhcmUgc2FhdCBtZW5qYWxhbmthbiB0b29scyB5YW5nIHJha3VzIHJlc291cmNlIHNlcGVydGkgQmVFRi48L2Rpdj4KPGRpdj48YnIgLz48L2Rpdj4KPGRpdj48c3Ryb25nPkthdGVnb3JpPC9zdHJvbmc+PC9kaXY+CjxkaXY+QmVyaWt1dCBrYXRlZ29yaSB0b29scyBkaSBCYWNrQm94IExpbnV4IDo8L2Rpdj4KPGRpdj48L2Rpdj4KPHVsPgogIDxsaT5JbmZvcm1hdGlvbiBHYXRoZXJpbmc8L2xpPgogIDxsaT5WdWxuZXJhYmlsaXR5IEFzc2Vzc21lbnQ8L2xpPgogIDxsaT5FeHBsb2l0YXRpb248L2xpPgogIDxsaT5Qcml2aWxlZ2UgRXNjYWxhdGlvbjwvbGk+CiAgPGxpPk1haW50YWluaW5nIEFjY2VzczwvbGk+CiAgPGxpPkRvY3VtZW50YXRpb24gJmFtcDsgUmVwb3J0aW5nPC9saT4KICA8bGk+UmV2ZXJzZSBFbmdpbmVlcmluZzwvbGk+CiAgPGxpPlNvY2lhbCBFbmdpbmVlcmluZzwvbGk+CiAgPGxpPkZvcmVuc2ljIEFuYWx5c2lzPC9saT4KICA8bGk+Vm9JUCBBbmFseXNpczwvbGk+CiAgPGxpPldpcmVsZXNzIEFuYWx5c2lzPC9saT4KICA8bGk+TWlzY2VsbGFuZW91czwvbGk+CjwvdWw+PGJyIC8+CjxkaXY+PGJyIC8+PC9kaXY+CjxkaXY+PHN0cm9uZz5Ub29sczwvc3Ryb25nPjwvZGl2Pgo8ZGl2PkFkYSBiYW55YWsgdG9vbHMgZGkgQmFja0JveC4gQW50YXJhIGxhaW4gOjwvZGl2Pgo8ZGl2PjwvZGl2Pgo8dWw+CiAgPGxpPk1ldGFzcGxvaXQvQXJtaXRhZ2U8L2xpPgogIDxsaT5ObWFwPC9saT4KICA8bGk+QmVFRjwvbGk+CiAgPGxpPk9wZW5WQVM8L2xpPgogIDxsaT5XM2FmPC9saT4KICA8bGk+VGhlIFNvY2lhbCBFbmdpbmVlcmluZyBUb29sa2l0PC9saT4KICA8bGk+RXR0ZXJjYXA8L2xpPgogIDxsaT5TY2FweTwvbGk+CiAgPGxpPldpcmVzaGFyazwvbGk+CiAgPGxpPktpc21ldDwvbGk+CiAgPGxpPkFpcmNyYWNrPC9saT4KICA8bGk+T3BoY3JhY2s8L2xpPgogIDxsaT5TcWxtYXA8L2xpPgogIDxsaT5DcnVuY2g8L2xpPgogIDxsaT5SZWF2ZXI8L2xpPgogIDxsaT5Kb2huIFRoZSBSaXBwZXI8L2xpPgo8L3VsPjxiciAvPgo8ZGl2PjxzdHJvbmc+U3lzdGVtIHJlcXVpcmVtZW50czwvc3Ryb25nPjwvZGl2Pgo8ZGl2PlN5c3RlbSByZXF1aXJlbWVudHMgdW50dWsgbWVuamFsYW5rYW4gQmFja0JveCBMaW51eCA6PC9kaXY+CjxkaXY+PC9kaXY+Cjx1bD4KICA8bGk+MzItYml0IG9yIDY0LWJpdCBwcm9jZXNzb3I8L2xpPgogIDxsaT4xMDI0IE1CIG9mIHN5c3RlbSBtZW1vcnkgKFJBTSk8L2xpPgogIDxsaT4xMCBHQiBvZiBkaXNrIHNwYWNlIGZvciBpbnN0YWxsYXRpb248L2xpPgogIDxsaT5HcmFwaGljcyBjYXJkIGNhcGFibGUgb2YgODAww5c2MDAgcmVzb2x1dGlvbjwvbGk+CiAgPGxpPkRWRC1ST00gZHJpdmUgb3IgVVNCIHBvcnQgKDMgR0IpPC9saT4KPC91bD48YnIgLz4KPGRpdj5TYWF0IGFydGlrZWwgaW5pIGRpdHVsaXMgQmFja0JveCBMaW51eCBtZW5jYXBhaSB2ZXJzaSA0LjcgLiBLYWxpYW4gYmlzYSBtZW5kb3dubG9hZG55YSBtZWxhbHVpIGxpbmsgZGliYXdhaCA6PC9kaXY+CjxkaXY+PGJyIC8+PC9kaXY+CjxkaXY+PGEgaHJlZj0iaHR0cHM6Ly9iYWNrYm94Lm9yZy9kb3dubG9hZCIgcmVsPSJub2ZvbGxvdyI+RG93bmxvYWQgQmFja0JveCBMaW51eDwvYT48L2Rpdj4KPGRpdj48YnIgLz48L2Rpdj4KPGRpdj5VbnR1ayBkb25hc2kgYmlzYSBkaWlzaSBzZWlraGxhc255YSBzZWJhZ2FpIGtvbnRyaWJ1c2kgcHJvamVjdCwgYXRhdSBpc2kgdmFsdWUgIjxzdHJvbmc+MDwvc3Ryb25nPiIgamlrYSB0aWRhayBpbmdpbiBtZWxha3VrYW4gZG9uYXNpLjwvZGl2Pgo8cD48YnIgLz48L3A+','2019-03-18','AKTIF'),(3,'Tentang Nutrisio','PHNlY3Rpb24gZGF0YS1pZD0iZjE4ZTM2OSIgZGF0YS1zZXR0aW5ncz0ieyZxdW90O2JhY2tncm91bmRfYmFja2dyb3VuZCZxdW90OzomcXVvdDtjbGFzc2ljJnF1b3Q7LCZxdW90O2FuaW1hdGlvbiZxdW90OzomcXVvdDtmYWRlSW4mcXVvdDt9IiBkYXRhLWVsZW1lbnRfdHlwZT0ic2VjdGlvbiI+CiAgPGRpdj4KICAgIDxkaXY+CiAgICAgIDxkaXYgZGF0YS1pZD0iNjQxYjNlMiIgZGF0YS1lbGVtZW50X3R5cGU9ImNvbHVtbiI+CiAgICAgICAgPGRpdj4KICAgICAgICAgIDxkaXY+CiAgICAgICAgICAgIDxkaXYgZGF0YS1pZD0iMjAzM2JjOSIgZGF0YS1lbGVtZW50X3R5cGU9ImhlYWRpbmcuZGVmYXVsdCI+CiAgICAgICAgICAgICAgPGRpdj4KICAgICAgICAgICAgICAgIDxoMT48YnIgLz5BcGEgaXR1IE51dHJpc2lvID88L2gxPgogICAgICAgICAgICAgIDwvZGl2PgogICAgICAgICAgICA8L2Rpdj4KICAgICAgICAgICAgPGRpdiBkYXRhLWlkPSJhZDliMjg2IiBkYXRhLWVsZW1lbnRfdHlwZT0iaWNvbi5kZWZhdWx0Ij4KICAgICAgICAgICAgICA8ZGl2PgogICAgICAgICAgICAgICAgPGRpdj4KICAgICAgICAgICAgICAgICAgPGRpdj48L2Rpdj4KICAgICAgICAgICAgICAgIDwvZGl2PgogICAgICAgICAgICAgIDwvZGl2PgogICAgICAgICAgICA8L2Rpdj4KICAgICAgICAgICAgPGRpdiBkYXRhLWlkPSI5MTFmNjgyIiBkYXRhLWVsZW1lbnRfdHlwZT0ic3BhY2VyLmRlZmF1bHQiPgogICAgICAgICAgICAgIDxkaXY+CiAgICAgICAgICAgICAgICA8ZGl2PgogICAgICAgICAgICAgICAgICA8ZGl2PjwvZGl2PgogICAgICAgICAgICAgICAgPC9kaXY+CiAgICAgICAgICAgICAgPC9kaXY+CiAgICAgICAgICAgIDwvZGl2PgogICAgICAgICAgICA8c2VjdGlvbiBkYXRhLWlkPSI3YmE0NTMzMyIgZGF0YS1zZXR0aW5ncz0ieyZxdW90O2JhY2tncm91bmRfYmFja2dyb3VuZCZxdW90OzomcXVvdDtjbGFzc2ljJnF1b3Q7fSIgZGF0YS1lbGVtZW50X3R5cGU9InNlY3Rpb24iPgogICAgICAgICAgICAgIDxkaXY+CiAgICAgICAgICAgICAgICA8ZGl2PgogICAgICAgICAgICAgICAgICA8ZGl2IGRhdGEtaWQ9IjI4MjViODg2IiBkYXRhLXNldHRpbmdzPSJ7JnF1b3Q7YW5pbWF0aW9uJnF1b3Q7OiZxdW90O2ZhZGVJbiZxdW90O30iIGRhdGEtZWxlbWVudF90eXBlPSJjb2x1bW4iPgogICAgICAgICAgICAgICAgICAgIDxkaXY+CiAgICAgICAgICAgICAgICAgICAgICA8ZGl2PgogICAgICAgICAgICAgICAgICAgICAgICA8ZGl2IGRhdGEtaWQ9ImZiMjUwYTMiIGRhdGEtZWxlbWVudF90eXBlPSJ0ZXh0LWVkaXRvci5kZWZhdWx0Ij4KICAgICAgICAgICAgICAgICAgICAgICAgICA8ZGl2PgogICAgICAgICAgICAgICAgICAgICAgICAgICAgPGRpdj4KICAgICAgICAgICAgICAgICAgICAgICAgICAgICAgPHA+TnV0cmlzaW8gYWRhbGFoIFN1cGVyZHJpbmsgKCBqYW11IHRldGVzIGtvbnNlbnRyYXNpIHRpbmdnaSApIGRhcmkgZm9ybXVsYXNpIDI1IGVrc3RyYWsgaGVyYmFsIG11cm5pIHlhbmcgdGVyc3RhbmRhciB1bnR1ayB0ZXJhcGkgc2VsIOKAkyBzZWwgb3RhayBkYW4gZ2FuZ2d1YW4ga2VzZWhhdGFuIHlhbmcgYmVya2FpdGFuIGRlbmdhbiBzeWFyYWYgb3RhayB0ZXBpLiZuYnNwOzwvcD4KICAgICAgICAgICAgICAgICAgICAgICAgICAgICAgPHA+TnV0cmlzaW8gbWVydXBha2FuIGlub3Zhc2kgZm9ybXVsYXNpIGhlcmJhbCB5YW5nIGRpcmFtdSBzZWNhcmEgZnVuZ3Npb25hbCBkYW4gcmFzaW9uYWwtbWVkaWsgZGVuZ2FuIG1lbmdhY3UgdGVrbm9sb2dpIGJpb21vbGVrdWxlciB1bnR1ayBvcHRpbWFsaXNhc2kgYmlvYXZhaWxhYmlsaXRhcy48L3A+CiAgICAgICAgICAgICAgICAgICAgICAgICAgICAgIDxwPkRlbmdhbiBtZW1hZHVrYW4ga2VoZWJhdGFuIGtlYXJpZmFuIGxva2FsIChsb2NhbCBnZW5pdXMpIOKAkyZuYnNwOzxlbT5wdXNha2EgcmFtdWFuIGphbXUgbnVzYW50YXJhIHlhbmcgdGVsYWgmbmJzcDsgdGVydWppIG1hbmZhYXRueWEgc2VsYW1hIHJhdHVzYW4gdGFodW4g4oCTJm5ic3A7PC9lbT5tZW5qYWRpIGthcnlhIGZvcm11bGEgdW5payDigJ1OVVRSSVNJT+KAnSZuYnNwOyB5YW5nIGJlcmthc2lhdCBkYW4gbWVuZ2FndW1rYW4uPC9wPgogICAgICAgICAgICAgICAgICAgICAgICAgICAgPC9kaXY+CiAgICAgICAgICAgICAgICAgICAgICAgICAgPC9kaXY+CiAgICAgICAgICAgICAgICAgICAgICAgIDwvZGl2PgogICAgICAgICAgICAgICAgICAgICAgPC9kaXY+CiAgICAgICAgICAgICAgICAgICAgPC9kaXY+CiAgICAgICAgICAgICAgICAgIDwvZGl2PgogICAgICAgICAgICAgICAgICA8ZGl2IGRhdGEtaWQ9IjdkMDRmMGFmIiBkYXRhLWVsZW1lbnRfdHlwZT0iY29sdW1uIj4KICAgICAgICAgICAgICAgICAgICA8ZGl2PgogICAgICAgICAgICAgICAgICAgICAgPGRpdj4KICAgICAgICAgICAgICAgICAgICAgICAgPGRpdiBkYXRhLWlkPSI0MDRjN2JkNyIgZGF0YS1lbGVtZW50X3R5cGU9ImltYWdlLmRlZmF1bHQiPgogICAgICAgICAgICAgICAgICAgICAgICAgIDxkaXY+CiAgICAgICAgICAgICAgICAgICAgICAgICAgICA8ZGl2PjxpbWcgd2lkdGg9IjIyNSIgaGVpZ2h0PSIzMDAiIHNyYz0iaHR0cHM6Ly9udXRyaXNpby5jby5pZC93cC1jb250ZW50L3VwbG9hZHMvMjAxOS8wMS9idWthLTEtMjI1eDMwMC5wbmciIGFsdD0iIiBzdHlsZT0iYm9yZGVyLXdpZHRoOiBpbml0aWFsOyBib3JkZXItaW1hZ2Utd2lkdGg6IGluaXRpYWw7IG1heC13aWR0aDogNzglOyBoZWlnaHQ6IGF1dG87IiAvPjwvZGl2PgogICAgICAgICAgICAgICAgICAgICAgICAgIDwvZGl2PgogICAgICAgICAgICAgICAgICAgICAgICA8L2Rpdj4KICAgICAgICAgICAgICAgICAgICAgIDwvZGl2PgogICAgICAgICAgICAgICAgICAgIDwvZGl2PgogICAgICAgICAgICAgICAgICA8L2Rpdj4KICAgICAgICAgICAgICAgIDwvZGl2PgogICAgICAgICAgICAgIDwvZGl2PgogICAgICAgICAgICA8L3NlY3Rpb24+CiAgICAgICAgICAgIDxkaXYgZGF0YS1pZD0iZjA4ODdmYyIgZGF0YS1lbGVtZW50X3R5cGU9InNwYWNlci5kZWZhdWx0Ij4KICAgICAgICAgICAgICA8ZGl2PgogICAgICAgICAgICAgICAgPGRpdj4KICAgICAgICAgICAgICAgICAgPGRpdj48L2Rpdj4KICAgICAgICAgICAgICAgIDwvZGl2PgogICAgICAgICAgICAgIDwvZGl2PgogICAgICAgICAgICA8L2Rpdj4KICAgICAgICAgIDwvZGl2PgogICAgICAgIDwvZGl2PgogICAgICA8L2Rpdj4KICAgIDwvZGl2PgogIDwvZGl2Pgo8L3NlY3Rpb24+CjxzZWN0aW9uIGRhdGEtaWQ9IjE1MjdjMWU5IiBkYXRhLXNldHRpbmdzPSJ7JnF1b3Q7YmFja2dyb3VuZF9iYWNrZ3JvdW5kJnF1b3Q7OiZxdW90O2NsYXNzaWMmcXVvdDssJnF1b3Q7YW5pbWF0aW9uJnF1b3Q7OiZxdW90O2ZhZGVJbiZxdW90O30iIGRhdGEtZWxlbWVudF90eXBlPSJzZWN0aW9uIj4KICA8ZGl2PjwvZGl2PgogIDxkaXY+CiAgICA8ZGl2PgogICAgICA8ZGl2IGRhdGEtaWQ9IjQyNGI0MTYwIiBkYXRhLWVsZW1lbnRfdHlwZT0iY29sdW1uIj4KICAgICAgICA8ZGl2PgogICAgICAgICAgPGRpdj4KICAgICAgICAgICAgPGRpdiBkYXRhLWlkPSJkNGRiZjg4IiBkYXRhLWVsZW1lbnRfdHlwZT0ibWVudS1hbmNob3IuZGVmYXVsdCI+CiAgICAgICAgICAgICAgPGRpdj4KICAgICAgICAgICAgICAgIDxkaXYgaWQ9ImthbmR1bmdhbiI+PC9kaXY+CiAgICAgICAgICAgICAgPC9kaXY+CiAgICAgICAgICAgIDwvZGl2PgogICAgICAgICAgICA8ZGl2IGRhdGEtaWQ9IjhhMWZkNjgiIGRhdGEtZWxlbWVudF90eXBlPSJzcGFjZXIuZGVmYXVsdCI+CiAgICAgICAgICAgICAgPGRpdj4KICAgICAgICAgICAgICAgIDxkaXY+CiAgICAgICAgICAgICAgICAgIDxkaXY+PC9kaXY+CiAgICAgICAgICAgICAgICA8L2Rpdj4KICAgICAgICAgICAgICA8L2Rpdj4KICAgICAgICAgICAgPC9kaXY+CiAgICAgICAgICAgIDxkaXYgZGF0YS1pZD0iMDE2ZGFiYyIgZGF0YS1lbGVtZW50X3R5cGU9ImhlYWRpbmcuZGVmYXVsdCI+CiAgICAgICAgICAgICAgPGRpdj4KICAgICAgICAgICAgICAgIDxoMT5LYW5kdW5nYW4gTnV0cmlzaW88L2gxPgogICAgICAgICAgICAgIDwvZGl2PgogICAgICAgICAgICA8L2Rpdj4KICAgICAgICAgICAgPGRpdiBkYXRhLWlkPSJlOTM3ZjkzIiBkYXRhLWVsZW1lbnRfdHlwZT0iaWNvbi5kZWZhdWx0Ij4KICAgICAgICAgICAgICA8ZGl2PgogICAgICAgICAgICAgICAgPGRpdj4KICAgICAgICAgICAgICAgICAgPGRpdj48L2Rpdj4KICAgICAgICAgICAgICAgIDwvZGl2PgogICAgICAgICAgICAgIDwvZGl2PgogICAgICAgICAgICA8L2Rpdj4KICAgICAgICAgICAgPGRpdiBkYXRhLWlkPSIwZDAyMjMxIiBkYXRhLWVsZW1lbnRfdHlwZT0ic3BhY2VyLmRlZmF1bHQiPgogICAgICAgICAgICAgIDxkaXY+CiAgICAgICAgICAgICAgICA8ZGl2PgogICAgICAgICAgICAgICAgICA8ZGl2PjwvZGl2PgogICAgICAgICAgICAgICAgPC9kaXY+CiAgICAgICAgICAgICAgPC9kaXY+CiAgICAgICAgICAgIDwvZGl2PgogICAgICAgICAgICA8c2VjdGlvbiBkYXRhLWlkPSIxODJlMDczIiBkYXRhLWVsZW1lbnRfdHlwZT0ic2VjdGlvbiI+CiAgICAgICAgICAgICAgPGRpdj4KICAgICAgICAgICAgICAgIDxkaXY+CiAgICAgICAgICAgICAgICAgIDxkaXYgZGF0YS1pZD0iNmM5ZDdiZiIgZGF0YS1lbGVtZW50X3R5cGU9ImNvbHVtbiI+CiAgICAgICAgICAgICAgICAgICAgPGRpdj4KICAgICAgICAgICAgICAgICAgICAgIDxkaXY+CiAgICAgICAgICAgICAgICAgICAgICAgIDxkaXYgZGF0YS1pZD0iNTg5M2VkZiIgZGF0YS1lbGVtZW50X3R5cGU9InRleHQtZWRpdG9yLmRlZmF1bHQiPgogICAgICAgICAgICAgICAgICAgICAgICAgIDxkaXY+CiAgICAgICAgICAgICAgICAgICAgICAgICAgICA8ZGl2PgogICAgICAgICAgICAgICAgICAgICAgICAgICAgICA8cD5OdXRyaXNpbyBkaXJhbXUgc2VjYXJhIGVrc2x1c2lmIGRhcmkmbmJzcDsyNSB0dW1idWhhbiBoZXJiYWwgYmVya3VhbGl0YXMuPC9wPgogICAgICAgICAgICAgICAgICAgICAgICAgICAgICA8cD48c3Ryb25nPjxlbT5DZW50ZWxsYSBhc2lhdGljYSwgcGh5c2FsaXMgYW5ndWxhdGEsIE1vcmluZ2dhLCBMaW56aSBHYW5vZGVybWEsIFZhbGVyaWEsIE1vcmluZGEgY2l0cmlmb2xpYSBMLCBBbmRyb2dyYXBoaXMgcGFuaWN1bGF0YSwmbmJzcDsgQ29sZXVzIGFtYm9uaWN1cyBMb3VyLCBBbG9ldmVyYSBMaW5uLCBHaW51cmEgc2VnZXR1bSwgSW1wZXJhdGEgc2lsaW5kcmljYSwgZGxsLjwvZW0+PC9zdHJvbmc+PC9wPgogICAgICAgICAgICAgICAgICAgICAgICAgICAgICA8cD5SYW5na2FpYW4gZWtzdHJhayBmb3JtdWxhJm5ic3A7IHRlcnNlYnV0IHRlbGFoIG1lbGFsdWkgdWppIGtsaW5pcy48L3A+CiAgICAgICAgICAgICAgICAgICAgICAgICAgICA8L2Rpdj4KICAgICAgICAgICAgICAgICAgICAgICAgICA8L2Rpdj4KICAgICAgICAgICAgICAgICAgICAgICAgPC9kaXY+CiAgICAgICAgICAgICAgICAgICAgICAgIDxkaXYgZGF0YS1pZD0iYWU2ZTZiNyIgZGF0YS1lbGVtZW50X3R5cGU9ImltYWdlLmRlZmF1bHQiPgogICAgICAgICAgICAgICAgICAgICAgICAgIDxkaXY+CiAgICAgICAgICAgICAgICAgICAgICAgICAgICA8ZGl2PjxpbWcgd2lkdGg9IjE1MCIgaGVpZ2h0PSIxNTAiIHNyYz0iaHR0cHM6Ly9udXRyaXNpby5jby5pZC93cC1jb250ZW50L3VwbG9hZHMvMjAxOS8wMS9oZXJiYWwtbWVkaWNpbmVzMS0xNTB4MTUwLnBuZyIgYWx0PSIiIHN0eWxlPSJib3JkZXItd2lkdGg6IGluaXRpYWw7IGJvcmRlci1pbWFnZS13aWR0aDogaW5pdGlhbDsgbWF4LXdpZHRoOiAxMDAlOyBoZWlnaHQ6IGF1dG87IiAvPjwvZGl2PgogICAgICAgICAgICAgICAgICAgICAgICAgIDwvZGl2PgogICAgICAgICAgICAgICAgICAgICAgICA8L2Rpdj4KICAgICAgICAgICAgICAgICAgICAgIDwvZGl2PgogICAgICAgICAgICAgICAgICAgIDwvZGl2PgogICAgICAgICAgICAgICAgICA8L2Rpdj4KICAgICAgICAgICAgICAgICAgPGRpdiBkYXRhLWlkPSI2NjRmYmUyIiBkYXRhLWVsZW1lbnRfdHlwZT0iY29sdW1uIj4KICAgICAgICAgICAgICAgICAgICA8ZGl2PgogICAgICAgICAgICAgICAgICAgICAgPGRpdj4KICAgICAgICAgICAgICAgICAgICAgICAgPGRpdiBkYXRhLWlkPSI5MjYwZjBmIiBkYXRhLWVsZW1lbnRfdHlwZT0idGV4dC1lZGl0b3IuZGVmYXVsdCI+CiAgICAgICAgICAgICAgICAgICAgICAgICAgPGRpdj4KICAgICAgICAgICAgICAgICAgICAgICAgICAgIDxkaXY+CiAgICAgICAgICAgICAgICAgICAgICAgICAgICAgIDxwPlNlbXVsYSByYW11YW4gc2VqYWsgZGFyaSB0YWh1biAyMDAyIGhhbnlhIHRlcmRpcmkgZGFyaSA3IGhlcmJhIHVuZ2d1bGFuIHVudHVrIHRlcmFwaSBmdW5nc2kgc2FyYWYtb3RhayBkYW4gdGVyYmF0YXMgaGFueWEgZGlwZXJ1bnR1a2thbiBtZW5vbG9uZyZuYnNwOyBhbmFrLWFuYWsgYmVya2VidXR1aGFuIGtodXN1cyAsIG1pc2FsIGFuYWsgcGVuZGVyaXRhJm5ic3A7PGVtPmF1dGlzLCBoaXBlcmFrdGlmLCBBREhEIChhdHRlbnRpb24gZGVmaWNpdCBoeXBlcmFjdGl2aXR5IGRpc29yZGVyKSwgZXBpbGVwc2ksIGJpcG9sYXIsIHNraXpvZnJlbmlhPC9lbT5nYW5nZ3VhbiBtZW50YWwgbGFpbm55YSB0ZXJ1dGFtYSBnYW5nZ3VhbiBzaXN0ZW0gc2FyYWYgdGVwaS48YnIgLz5TZWthcmFuZyB0ZWxhaCBkaXRpbmdrYXRrYW4gZm9ybXVsYXNpbnlhIG1lbmphZGkgMjUgamVuaXMgaGVyYmFsIGJlcmtoYXNpYXQgdW5nZ3VsYW4gdW50dWsgZGFwYXQgbWVtZW51aGkgdHVudHV0YW4gbWVuZ2F0YXNpIHBlcm1hc2FsYWhhbiBnYW5nZ3VhbiBvdGFrJm5ic3A7IGRhbiBtZW50YWwgcGFkYSBzcGVrdHJ1bSB5YW5nIGxlYmloIGx1YXMuJm5ic3A7PC9wPgogICAgICAgICAgICAgICAgICAgICAgICAgICAgPC9kaXY+CiAgICAgICAgICAgICAgICAgICAgICAgICAgPC9kaXY+CiAgICAgICAgICAgICAgICAgICAgICAgIDwvZGl2PgogICAgICAgICAgICAgICAgICAgICAgICA8ZGl2IGRhdGEtaWQ9IjM4ZTRlYTA5IiBkYXRhLWVsZW1lbnRfdHlwZT0idGVzdGltb25pYWwuZGVmYXVsdCI+CiAgICAgICAgICAgICAgICAgICAgICAgICAgPGRpdj4KICAgICAgICAgICAgICAgICAgICAgICAgICAgIDxkaXY+CiAgICAgICAgICAgICAgICAgICAgICAgICAgICAgIDxkaXY+CiAgICAgICAgICAgICAgICAgICAgICAgICAgICAgICAgPGRpdj4KICAgICAgICAgICAgICAgICAgICAgICAgICAgICAgICAgIDxkaXY+PGltZyBzcmM9Imh0dHBzOi8vbnV0cmlzaW8uY28uaWQvd3AtY29udGVudC91cGxvYWRzLzIwMTkvMDEvUGljdHVyZTEucG5nIiBhbHQ9IlBpY3R1cmUxIiBzdHlsZT0iYm9yZGVyLXdpZHRoOiBpbml0aWFsOyBib3JkZXItaW1hZ2Utd2lkdGg6IGluaXRpYWw7IG1heC13aWR0aDogMTAwJTsgaGVpZ2h0OiA2MHB4OyB3aWR0aDogNjBweDsiIC8+PC9kaXY+CiAgICAgICAgICAgICAgICAgICAgICAgICAgICAgICAgICA8ZGl2PgogICAgICAgICAgICAgICAgICAgICAgICAgICAgICAgICAgICA8ZGl2PkRSLiBJci4gRCdoaXJ1LCBNTUQuLCBNTS48L2Rpdj4KICAgICAgICAgICAgICAgICAgICAgICAgICAgICAgICAgICAgPGRpdj5Gb3JtdWxhdG9yPC9kaXY+CiAgICAgICAgICAgICAgICAgICAgICAgICAgICAgICAgICA8L2Rpdj4KICAgICAgICAgICAgICAgICAgICAgICAgICAgICAgICA8L2Rpdj4KICAgICAgICAgICAgICAgICAgICAgICAgICAgICAgPC9kaXY+CiAgICAgICAgICAgICAgICAgICAgICAgICAgICA8L2Rpdj4KICAgICAgICAgICAgICAgICAgICAgICAgICA8L2Rpdj4KICAgICAgICAgICAgICAgICAgICAgICAgPC9kaXY+CiAgICAgICAgICAgICAgICAgICAgICA8L2Rpdj4KICAgICAgICAgICAgICAgICAgICA8L2Rpdj4KICAgICAgICAgICAgICAgICAgPC9kaXY+CiAgICAgICAgICAgICAgICA8L2Rpdj4KICAgICAgICAgICAgICA8L2Rpdj4KICAgICAgICAgICAgPC9zZWN0aW9uPgogICAgICAgICAgICA8ZGl2IGRhdGEtaWQ9IjY3YTM4NDFiIiBkYXRhLWVsZW1lbnRfdHlwZT0ic3BhY2VyLmRlZmF1bHQiPgogICAgICAgICAgICAgIDxkaXY+CiAgICAgICAgICAgICAgICA8ZGl2PgogICAgICAgICAgICAgICAgICA8ZGl2PjwvZGl2PgogICAgICAgICAgICAgICAgPC9kaXY+CiAgICAgICAgICAgICAgPC9kaXY+CiAgICAgICAgICAgIDwvZGl2PgogICAgICAgICAgICA8ZGl2IGRhdGEtaWQ9IjZlZDBlY2U5IiBkYXRhLWVsZW1lbnRfdHlwZT0ic3BhY2VyLmRlZmF1bHQiPgogICAgICAgICAgICAgIDxkaXY+CiAgICAgICAgICAgICAgICA8ZGl2PgogICAgICAgICAgICAgICAgICA8ZGl2PjwvZGl2PgogICAgICAgICAgICAgICAgPC9kaXY+CiAgICAgICAgICAgICAgPC9kaXY+CiAgICAgICAgICAgIDwvZGl2PgogICAgICAgICAgPC9kaXY+CiAgICAgICAgPC9kaXY+CiAgICAgIDwvZGl2PgogICAgPC9kaXY+CiAgPC9kaXY+Cjwvc2VjdGlvbj4KPHNlY3Rpb24gZGF0YS1pZD0iMmI3NGI2OTMiIGRhdGEtc2V0dGluZ3M9InsmcXVvdDtiYWNrZ3JvdW5kX2JhY2tncm91bmQmcXVvdDs6JnF1b3Q7Y2xhc3NpYyZxdW90OywmcXVvdDthbmltYXRpb24mcXVvdDs6JnF1b3Q7ZmFkZUluJnF1b3Q7fSIgZGF0YS1lbGVtZW50X3R5cGU9InNlY3Rpb24iPgogIDxkaXY+PC9kaXY+CiAgPGRpdj4KICAgIDxkaXY+CiAgICAgIDxkaXYgZGF0YS1pZD0iNzE0YWIzN2UiIGRhdGEtZWxlbWVudF90eXBlPSJjb2x1bW4iPgogICAgICAgIDxkaXY+CiAgICAgICAgICA8ZGl2PgogICAgICAgICAgICA8ZGl2IGRhdGEtaWQ9IjgxNjU5NDciIGRhdGEtZWxlbWVudF90eXBlPSJtZW51LWFuY2hvci5kZWZhdWx0Ij4KICAgICAgICAgICAgICA8ZGl2PgogICAgICAgICAgICAgICAgPGRpdiBpZD0ibWFuZmFhdCI+PC9kaXY+CiAgICAgICAgICAgICAgPC9kaXY+CiAgICAgICAgICAgIDwvZGl2PgogICAgICAgICAgICA8ZGl2IGRhdGEtaWQ9IjA0NDgwYmEiIGRhdGEtZWxlbWVudF90eXBlPSJzcGFjZXIuZGVmYXVsdCI+CiAgICAgICAgICAgICAgPGRpdj4KICAgICAgICAgICAgICAgIDxkaXY+CiAgICAgICAgICAgICAgICAgIDxkaXY+PC9kaXY+CiAgICAgICAgICAgICAgICA8L2Rpdj4KICAgICAgICAgICAgICA8L2Rpdj4KICAgICAgICAgICAgPC9kaXY+CiAgICAgICAgICAgIDxkaXYgZGF0YS1pZD0iNzRkNzAyYjYiIGRhdGEtZWxlbWVudF90eXBlPSJoZWFkaW5nLmRlZmF1bHQiPgogICAgICAgICAgICAgIDxkaXY+CiAgICAgICAgICAgICAgICA8aDE+TWFuZmFhdCBOdXRyaXNpbzwvaDE+CiAgICAgICAgICAgICAgPC9kaXY+CiAgICAgICAgICAgIDwvZGl2PgogICAgICAgICAgICA8ZGl2IGRhdGEtaWQ9IjQwNjc3Y2IiIGRhdGEtZWxlbWVudF90eXBlPSJpY29uLmRlZmF1bHQiPgogICAgICAgICAgICAgIDxkaXY+CiAgICAgICAgICAgICAgICA8ZGl2PgogICAgICAgICAgICAgICAgICA8ZGl2PjwvZGl2PgogICAgICAgICAgICAgICAgPC9kaXY+CiAgICAgICAgICAgICAgPC9kaXY+CiAgICAgICAgICAgIDwvZGl2PgogICAgICAgICAgICA8ZGl2IGRhdGEtaWQ9ImYwYTA0ZDgiIGRhdGEtZWxlbWVudF90eXBlPSJ0ZXh0LWVkaXRvci5kZWZhdWx0Ij4KICAgICAgICAgICAgICA8ZGl2PgogICAgICAgICAgICAgICAgPGRpdj4KICAgICAgICAgICAgICAgICAgPHA+TnV0cmlzaW8gZGFwYXQgZGlrb25zdW1zaSB1bnR1ayBzZWdhbGEgdXNpYTwvcD4KICAgICAgICAgICAgICAgIDwvZGl2PgogICAgICAgICAgICAgIDwvZGl2PgogICAgICAgICAgICA8L2Rpdj4KICAgICAgICAgICAgPHNlY3Rpb24gZGF0YS1pZD0iNzVlNTkxNGEiIGRhdGEtZWxlbWVudF90eXBlPSJzZWN0aW9uIj4KICAgICAgICAgICAgICA8ZGl2PgogICAgICAgICAgICAgICAgPGRpdj4KICAgICAgICAgICAgICAgICAgPGRpdiBkYXRhLWlkPSI1NzUzOWQzYiIgZGF0YS1lbGVtZW50X3R5cGU9ImNvbHVtbiI+CiAgICAgICAgICAgICAgICAgICAgPGRpdj4KICAgICAgICAgICAgICAgICAgICAgIDxkaXY+PC9kaXY+CiAgICAgICAgICAgICAgICAgICAgICA8ZGl2PgogICAgICAgICAgICAgICAgICAgICAgICA8ZGl2IGRhdGEtaWQ9IjlmOTg3NDEiIGRhdGEtZWxlbWVudF90eXBlPSJoZWFkaW5nLmRlZmF1bHQiPgogICAgICAgICAgICAgICAgICAgICAgICAgIDxkaXY+CiAgICAgICAgICAgICAgICAgICAgICAgICAgICA8aDI+QW5hayAtIGFuYWvigIs8L2gyPgogICAgICAgICAgICAgICAgICAgICAgICAgIDwvZGl2PgogICAgICAgICAgICAgICAgICAgICAgICA8L2Rpdj4KICAgICAgICAgICAgICAgICAgICAgICAgPGRpdiBkYXRhLWlkPSIyNmNlYmUwIiBkYXRhLWVsZW1lbnRfdHlwZT0iaWNvbi1saXN0LmRlZmF1bHQiPgogICAgICAgICAgICAgICAgICAgICAgICAgIDxkaXY+CiAgICAgICAgICAgICAgICAgICAgICAgICAgICA8dWwgc3R5bGU9Imxpc3Qtc3R5bGUtdHlwZTogbm9uZTsiPgogICAgICAgICAgICAgICAgICAgICAgICAgICAgICA8bGk+PHNwYW4gYXJpYS1oaWRkZW49InRydWUiPjwvc3Bhbj5NZW5pbmdrYXRrYW4gZGFuIG1lbXBlcmJhaWtpIGRheWEgaW5nYXQ8L2xpPgogICAgICAgICAgICAgICAgICAgICAgICAgICAgICA8bGk+PHNwYW4gYXJpYS1oaWRkZW49InRydWUiPjwvc3Bhbj5NZW5pbmdrYXRrYW4gZGF5YSBrb25zZW50cmFzaTwvbGk+CiAgICAgICAgICAgICAgICAgICAgICAgICAgICAgIDxsaT48c3BhbiBhcmlhLWhpZGRlbj0idHJ1ZSI+PC9zcGFuPk1lbmluZ2thdGthbiBrZWNlcmRhc2FuPC9saT4KICAgICAgICAgICAgICAgICAgICAgICAgICAgICAgPGxpPjxzcGFuIGFyaWEtaGlkZGVuPSJ0cnVlIj48L3NwYW4+TWVuaW5na2F0a2FuIGltdW5pdGFzPC9saT4KICAgICAgICAgICAgICAgICAgICAgICAgICAgICAgPGxpPjxzcGFuIGFyaWEtaGlkZGVuPSJ0cnVlIj48L3NwYW4+TWVtcGVyYmFpa2kgbW9vZDwvbGk+CiAgICAgICAgICAgICAgICAgICAgICAgICAgICAgIDxsaT48c3BhbiBhcmlhLWhpZGRlbj0idHJ1ZSI+PC9zcGFuPk1lcmluZ2Fua2FuIEF1dGlzPC9saT4KICAgICAgICAgICAgICAgICAgICAgICAgICAgICAgPGxpPjxzcGFuIGFyaWEtaGlkZGVuPSJ0cnVlIj48L3NwYW4+TWVuY2VnYWggZXBpbGVwc2kgZGFuIHN0ZXA8L2xpPgogICAgICAgICAgICAgICAgICAgICAgICAgICAgICA8bGk+PHNwYW4gYXJpYS1oaWRkZW49InRydWUiPjwvc3Bhbj5NZXJpbmdhbmthbiBkaWFyZSwgVGh5cHVzLCBEQjwvbGk+CiAgICAgICAgICAgICAgICAgICAgICAgICAgICA8L3VsPgogICAgICAgICAgICAgICAgICAgICAgICAgIDwvZGl2PgogICAgICAgICAgICAgICAgICAgICAgICA8L2Rpdj4KICAgICAgICAgICAgICAgICAgICAgIDwvZGl2PgogICAgICAgICAgICAgICAgICAgIDwvZGl2PgogICAgICAgICAgICAgICAgICA8L2Rpdj4KICAgICAgICAgICAgICAgICAgPGRpdiBkYXRhLWlkPSIyYTdhMGEzMSIgZGF0YS1lbGVtZW50X3R5cGU9ImNvbHVtbiI+CiAgICAgICAgICAgICAgICAgICAgPGRpdj4KICAgICAgICAgICAgICAgICAgICAgIDxkaXY+CiAgICAgICAgICAgICAgICAgICAgICAgIDxkaXYgZGF0YS1pZD0iYjJjMTZhZSIgZGF0YS1lbGVtZW50X3R5cGU9ImhlYWRpbmcuZGVmYXVsdCI+CiAgICAgICAgICAgICAgICAgICAgICAgICAgPGRpdj4KICAgICAgICAgICAgICAgICAgICAgICAgICAgIDxoMj5SZW1hamEgJmFtcDsgRGV3YXNh4oCLPC9oMj4KICAgICAgICAgICAgICAgICAgICAgICAgICA8L2Rpdj4KICAgICAgICAgICAgICAgICAgICAgICAgPC9kaXY+CiAgICAgICAgICAgICAgICAgICAgICAgIDxkaXYgZGF0YS1pZD0iZTJjZTkzOCIgZGF0YS1lbGVtZW50X3R5cGU9Imljb24tbGlzdC5kZWZhdWx0Ij4KICAgICAgICAgICAgICAgICAgICAgICAgICA8ZGl2PgogICAgICAgICAgICAgICAgICAgICAgICAgICAgPHVsIHN0eWxlPSJsaXN0LXN0eWxlLXR5cGU6IG5vbmU7Ij4KICAgICAgICAgICAgICAgICAgICAgICAgICAgICAgPGxpPjxzcGFuIGFyaWEtaGlkZGVuPSJ0cnVlIj48L3NwYW4+TWVuY2VnYWggaGlwZXJ0ZW5zaSBkYW4gc3Ryb2tlPC9saT4KICAgICAgICAgICAgICAgICAgICAgICAgICAgICAgPGxpPjxzcGFuIGFyaWEtaGlkZGVuPSJ0cnVlIj48L3NwYW4+TWVuY2VnYWggZGVwcmVzaSBkYW4gc3RyZXNzPC9saT4KICAgICAgICAgICAgICAgICAgICAgICAgICAgICAgPGxpPjxzcGFuIGFyaWEtaGlkZGVuPSJ0cnVlIj48L3NwYW4+TWVuY2VnYWggYWx6YWltZXI8L2xpPgogICAgICAgICAgICAgICAgICAgICAgICAgICAgICA8bGk+PHNwYW4gYXJpYS1oaWRkZW49InRydWUiPjwvc3Bhbj5NZW5pbmdrYXRrYW4ga29uc2VudHJhc2k8L2xpPgogICAgICAgICAgICAgICAgICAgICAgICAgICAgICA8bGk+PHNwYW4gYXJpYS1oaWRkZW49InRydWUiPjwvc3Bhbj5NZW5pbmdrYXRrYW4gcmVsYWtzYXNpPC9saT4KICAgICAgICAgICAgICAgICAgICAgICAgICAgICAgPGxpPjxzcGFuIGFyaWEtaGlkZGVuPSJ0cnVlIj48L3NwYW4+TWVyaW5nYW5rYW4gdmVydGlnbyBkYW4gbWlncmFpbjwvbGk+CiAgICAgICAgICAgICAgICAgICAgICAgICAgICAgIDxsaT48c3BhbiBhcmlhLWhpZGRlbj0idHJ1ZSI+PC9zcGFuPk1lbmNlZ2FoIGtlcGlrdW5hbiBkaW5pPC9saT4KICAgICAgICAgICAgICAgICAgICAgICAgICAgICAgPGxpPjxzcGFuIGFyaWEtaGlkZGVuPSJ0cnVlIj48L3NwYW4+TWVtdWxpaGthbiBpbmdhdGFuPC9saT4KICAgICAgICAgICAgICAgICAgICAgICAgICAgIDwvdWw+CiAgICAgICAgICAgICAgICAgICAgICAgICAgPC9kaXY+CiAgICAgICAgICAgICAgICAgICAgICAgIDwvZGl2PgogICAgICAgICAgICAgICAgICAgICAgPC9kaXY+CiAgICAgICAgICAgICAgICAgICAgPC9kaXY+CiAgICAgICAgICAgICAgICAgIDwvZGl2PgogICAgICAgICAgICAgICAgPC9kaXY+CiAgICAgICAgICAgICAgPC9kaXY+CiAgICAgICAgICAgIDwvc2VjdGlvbj4KICAgICAgICAgICAgPGRpdiBkYXRhLWlkPSI3NDBhYzA4OCIgZGF0YS1lbGVtZW50X3R5cGU9InNwYWNlci5kZWZhdWx0Ij4KICAgICAgICAgICAgICA8ZGl2PgogICAgICAgICAgICAgICAgPGRpdj4KICAgICAgICAgICAgICAgICAgPGRpdj48L2Rpdj4KICAgICAgICAgICAgICAgIDwvZGl2PgogICAgICAgICAgICAgIDwvZGl2PgogICAgICAgICAgICA8L2Rpdj4KICAgICAgICAgICAgPGRpdiBkYXRhLWlkPSJhMzlmNjA1IiBkYXRhLWVsZW1lbnRfdHlwZT0ic3BhY2VyLmRlZmF1bHQiPgogICAgICAgICAgICAgIDxkaXY+CiAgICAgICAgICAgICAgICA8ZGl2PgogICAgICAgICAgICAgICAgICA8ZGl2PjwvZGl2PgogICAgICAgICAgICAgICAgPC9kaXY+CiAgICAgICAgICAgICAgPC9kaXY+CiAgICAgICAgICAgIDwvZGl2PgogICAgICAgICAgPC9kaXY+CiAgICAgICAgPC9kaXY+CiAgICAgIDwvZGl2PgogICAgPC9kaXY+CiAgPC9kaXY+Cjwvc2VjdGlvbj4KPHNlY3Rpb24gZGF0YS1pZD0iOGE3ZDExMyIgZGF0YS1zZXR0aW5ncz0ieyZxdW90O2JhY2tncm91bmRfYmFja2dyb3VuZCZxdW90OzomcXVvdDtjbGFzc2ljJnF1b3Q7LCZxdW90O2FuaW1hdGlvbiZxdW90OzomcXVvdDtmYWRlSW4mcXVvdDt9IiBkYXRhLWVsZW1lbnRfdHlwZT0ic2VjdGlvbiI+CiAgPGRpdj48L2Rpdj4KICA8ZGl2PgogICAgPGRpdj4KICAgICAgPGRpdiBkYXRhLWlkPSI4MjAwMjU2IiBkYXRhLWVsZW1lbnRfdHlwZT0iY29sdW1uIj4KICAgICAgICA8ZGl2PgogICAgICAgICAgPGRpdj4KICAgICAgICAgICAgPGRpdiBkYXRhLWlkPSI1Yjc3ZDI2IiBkYXRhLWVsZW1lbnRfdHlwZT0ibWVudS1hbmNob3IuZGVmYXVsdCI+CiAgICAgICAgICAgICAgPGRpdj4KICAgICAgICAgICAgICAgIDxkaXYgaWQ9ImF0dXJhbiI+PC9kaXY+CiAgICAgICAgICAgICAgPC9kaXY+CiAgICAgICAgICAgIDwvZGl2PgogICAgICAgICAgICA8ZGl2IGRhdGEtaWQ9IjI1NmQwNzAiIGRhdGEtZWxlbWVudF90eXBlPSJzcGFjZXIuZGVmYXVsdCI+CiAgICAgICAgICAgICAgPGRpdj4KICAgICAgICAgICAgICAgIDxkaXY+CiAgICAgICAgICAgICAgICAgIDxkaXY+PC9kaXY+CiAgICAgICAgICAgICAgICA8L2Rpdj4KICAgICAgICAgICAgICA8L2Rpdj4KICAgICAgICAgICAgPC9kaXY+CiAgICAgICAgICAgIDxkaXYgZGF0YS1pZD0iNTMzMGJlNiIgZGF0YS1lbGVtZW50X3R5cGU9ImhlYWRpbmcuZGVmYXVsdCI+CiAgICAgICAgICAgICAgPGRpdj4KICAgICAgICAgICAgICAgIDxoMT5BdHVyYW4gUGFrYWk8L2gxPgogICAgICAgICAgICAgIDwvZGl2PgogICAgICAgICAgICA8L2Rpdj4KICAgICAgICAgICAgPGRpdiBkYXRhLWlkPSIxOWZlZDhlIiBkYXRhLWVsZW1lbnRfdHlwZT0iaWNvbi5kZWZhdWx0Ij4KICAgICAgICAgICAgICA8ZGl2PgogICAgICAgICAgICAgICAgPGRpdj4KICAgICAgICAgICAgICAgICAgPGRpdj48L2Rpdj4KICAgICAgICAgICAgICAgIDwvZGl2PgogICAgICAgICAgICAgIDwvZGl2PgogICAgICAgICAgICA8L2Rpdj4KICAgICAgICAgICAgPHNlY3Rpb24gZGF0YS1pZD0iNWZlZGIyZSIgZGF0YS1lbGVtZW50X3R5cGU9InNlY3Rpb24iPgogICAgICAgICAgICAgIDxkaXY+CiAgICAgICAgICAgICAgICA8ZGl2PgogICAgICAgICAgICAgICAgICA8ZGl2IGRhdGEtaWQ9IjM5YTc1MjciIGRhdGEtZWxlbWVudF90eXBlPSJjb2x1bW4iPgogICAgICAgICAgICAgICAgICAgIDxkaXY+CiAgICAgICAgICAgICAgICAgICAgICA8ZGl2PgogICAgICAgICAgICAgICAgICAgICAgICA8ZGl2IGRhdGEtaWQ9ImJmMjJhZTciIGRhdGEtZWxlbWVudF90eXBlPSJ0ZXh0LWVkaXRvci5kZWZhdWx0Ij4KICAgICAgICAgICAgICAgICAgICAgICAgICA8ZGl2PgogICAgICAgICAgICAgICAgICAgICAgICAgICAgPGRpdj4KICAgICAgICAgICAgICAgICAgICAgICAgICAgICAgPGgzIGRhdGEtZWxlbWVudG9yLXNldHRpbmcta2V5PSJ0aXRsZV90ZXh0IiBkYXRhLWVsZW1lbnRvci1pbmxpbmUtZWRpdGluZy10b29sYmFyPSJub25lIj5Eb3NpcyBNaW51bTwvaDM+CiAgICAgICAgICAgICAgICAgICAgICAgICAgICAgIDxwIGRhdGEtZWxlbWVudG9yLXNldHRpbmcta2V5PSJkZXNjcmlwdGlvbl90ZXh0Ij5VbnR1ayAyeCBzZWhhcmksIHBhZ2kgLyBzaWFuZyBkYW4gbWFsYW0sIGRpdGV0ZXNrYW4gYmF3YWggbGlkYWggKHN1Ymxpbmd1YWwpOjwvcD4KICAgICAgICAgICAgICAgICAgICAgICAgICAgICAgPHAgZGF0YS1lbGVtZW50b3Itc2V0dGluZy1rZXk9ImRlc2NyaXB0aW9uX3RleHQiPjEgdGV0ZXMsIGFuYWsgMSDigJMgMyB0aDwvcD4KICAgICAgICAgICAgICAgICAgICAgICAgICAgICAgPHAgZGF0YS1lbGVtZW50b3Itc2V0dGluZy1rZXk9ImRlc2NyaXB0aW9uX3RleHQiPjIgdGV0ZXMsIGFuYWsgNCDigJMgOCB0aDwvcD4KICAgICAgICAgICAgICAgICAgICAgICAgICAgICAgPHAgZGF0YS1lbGVtZW50b3Itc2V0dGluZy1rZXk9ImRlc2NyaXB0aW9uX3RleHQiPjMg4oCTIDYgdGV0ZXMsIHJlbWFqYSA5IOKAkyAxNSB0aDwvcD4KICAgICAgICAgICAgICAgICAgICAgICAgICAgICAgPHAgZGF0YS1lbGVtZW50b3Itc2V0dGluZy1rZXk9ImRlc2NyaXB0aW9uX3RleHQiPjcg4oCTIDEwIHRldGVzIHVudHVrIGRld2FzYSB0ZXRlcy48L3A+CiAgICAgICAgICAgICAgICAgICAgICAgICAgICAgIDxwIGRhdGEtZWxlbWVudG9yLXNldHRpbmcta2V5PSJkZXNjcmlwdGlvbl90ZXh0Ij5OQjogUGFkYSByZW1hamEgZGFuIGRld2FzYSBzZXlvZ3lhbnlhIGJlcnRhaGFwIG1lbmluZ2thdCBkaWF3YWxpIGRhcmkgMiB0ZXRlcy48L3A+CiAgICAgICAgICAgICAgICAgICAgICAgICAgICA8L2Rpdj4KICAgICAgICAgICAgICAgICAgICAgICAgICA8L2Rpdj4KICAgICAgICAgICAgICAgICAgICAgICAgPC9kaXY+CiAgICAgICAgICAgICAgICAgICAgICAgIDxkaXYgZGF0YS1pZD0iMTAxYzNmYSIgZGF0YS1lbGVtZW50X3R5cGU9ImltYWdlLmRlZmF1bHQiPgogICAgICAgICAgICAgICAgICAgICAgICAgIDxkaXY+CiAgICAgICAgICAgICAgICAgICAgICAgICAgICA8ZGl2PjxpbWcgd2lkdGg9IjMwMCIgaGVpZ2h0PSIxNjkiIHNyYz0iaHR0cHM6Ly9udXRyaXNpby5jby5pZC93cC1jb250ZW50L3VwbG9hZHMvMjAxOS8wMS9ndHlfbWVkaWNpbmVfdG9uZ3VlX21pXzEzMDMyNl93YmxvZzEtMzAweDE2OS5qcGciIGFsdD0iIiBzdHlsZT0iYm9yZGVyLXdpZHRoOiBpbml0aWFsOyBib3JkZXItaW1hZ2Utd2lkdGg6IGluaXRpYWw7IG1heC13aWR0aDogMTAwJTsgaGVpZ2h0OiBhdXRvOyIgLz48L2Rpdj4KICAgICAgICAgICAgICAgICAgICAgICAgICA8L2Rpdj4KICAgICAgICAgICAgICAgICAgICAgICAgPC9kaXY+CiAgICAgICAgICAgICAgICAgICAgICA8L2Rpdj4KICAgICAgICAgICAgICAgICAgICA8L2Rpdj4KICAgICAgICAgICAgICAgICAgPC9kaXY+CiAgICAgICAgICAgICAgICAgIDxkaXYgZGF0YS1pZD0iM2I3NDMwYiIgZGF0YS1lbGVtZW50X3R5cGU9ImNvbHVtbiI+CiAgICAgICAgICAgICAgICAgICAgPGRpdj4KICAgICAgICAgICAgICAgICAgICAgIDxkaXY+CiAgICAgICAgICAgICAgICAgICAgICAgIDxkaXYgZGF0YS1pZD0iODY0ZGMxNCIgZGF0YS1lbGVtZW50X3R5cGU9InRleHQtZWRpdG9yLmRlZmF1bHQiPgogICAgICAgICAgICAgICAgICAgICAgICAgIDxkaXY+CiAgICAgICAgICAgICAgICAgICAgICAgICAgICA8ZGl2PgogICAgICAgICAgICAgICAgICAgICAgICAgICAgICA8aDM+PHN0cm9uZz5NZWthbmlzbWUga2VyamE8L3N0cm9uZz48L2gzPgogICAgICAgICAgICAgICAgICAgICAgICAgICAgICA8cD48c3Ryb25nPuKAnE5VVFJJU0lP4oCdPC9zdHJvbmc+c2ViYWdhaSZuYnNwOzxzdHJvbmc+PGVtPk51dHJhY2V1dGljYWw8L2VtPjwvc3Ryb25nPjwvcD4KICAgICAgICAgICAgICAgICAgICAgICAgICAgICAgPHA+PHN0cm9uZz4o4oCYSmFrb250aeKAmSA9Jm5ic3A7PC9zdHJvbmc+amFtdSBrb25zZW50cmFzaSB0aW5nZ2k8c3Ryb25nPik8L3N0cm9uZz48L3A+CiAgICAgICAgICAgICAgICAgICAgICAgICAgICAgIDxwPkZvcm11bGEgYmlvbW9sZWt1bGVyICg8ZW0+T3J0aG8gTW9sZWN1bGxlciBOdXRyaXRpb25hbDwvZW0+KSDigJ1OVVRSSVNJT+KAnSAmbmJzcDtpbmkgYmVrZXJqYSBlZmVrdGlmIGhpbmdnYSBkaXRpbmdrYXQmbmJzcDs8ZW0+dW5zdXItdW5zdXIgbnV0cmlzaSBiZXJzYW1hIGtvZmFrdG9yLCBva3NpZ2VuLCBkYW4gaG9ybW9uIHVudHVrJm5ic3A7PC9lbT5tZW5zdXBsYWkga2VidXR1aGFuIHNlbC1zZWwgb3Rhay48L3A+CiAgICAgICAgICAgICAgICAgICAgICAgICAgICAgIDxwPlNlaGluZ2dhIGRhcmkgYWJzb3Jic2kgbnV0cmlzaSBvbGVoIGRhcmFoIGRpIG9yZ2FuIHBlbmNlcm5hYW4gaGluZ2dhIGRpc3RyaWJ1c2lueWEgZGkgamFyaW5nYW4gc2VsLXNlbCBvdGFrIGRhbiBrb250cmlidXNpIHBhZGEga2VsYW5jYXJhbiBrZXJqYSBpbXB1bCBnZWxvbWJhbmcmbmJzcDsgYmlvZWxla3RyaXMgZGFwYXQgb3B0aW1hbC4gTWFrYSBzcGVrdHJ1bSBwZXJtYXNhbGFoYW4gc2FyYWYgb3RhayB5YW5nJm5ic3A7IGtvbXBsZWtzIGFrYW4gYmFueWFrIHRlcmJhbnR1IHBlbXVsaWhhbm55YSwgbWlzYWwgZGVwcmVzaSwgZXBpbGVwc2ksIHN1c2FoIGZva3VzLCBzdXNhaCB0aWR1ciwgZ2VsaXNhaCwga2VwYWxhIHNlcmluZyBwdXNpbmcgZGxsLjwvcD4KICAgICAgICAgICAgICAgICAgICAgICAgICAgIDwvZGl2PgogICAgICAgICAgICAgICAgICAgICAgICAgIDwvZGl2PgogICAgICAgICAgICAgICAgICAgICAgICA8L2Rpdj4KICAgICAgICAgICAgICAgICAgICAgIDwvZGl2PgogICAgICAgICAgICAgICAgICAgIDwvZGl2PgogICAgICAgICAgICAgICAgICA8L2Rpdj4KICAgICAgICAgICAgICAgIDwvZGl2PgogICAgICAgICAgICAgIDwvZGl2PgogICAgICAgICAgICA8L3NlY3Rpb24+CiAgICAgICAgICA8L2Rpdj4KICAgICAgICA8L2Rpdj4KICAgICAgPC9kaXY+CiAgICA8L2Rpdj4KICA8L2Rpdj4KPC9zZWN0aW9uPg==','2019-03-25','AKTIF');
/*!40000 ALTER TABLE `artikel` ENABLE KEYS */;
UNLOCK TABLES;

--
-- Table structure for table `cart`
--

DROP TABLE IF EXISTS `cart`;
/*!40101 SET @saved_cs_client     = @@character_set_client */;
/*!40101 SET character_set_client = utf8 */;
CREATE TABLE `cart` (
  `id` int(11) NOT NULL AUTO_INCREMENT,
  `id_produk` int(11) NOT NULL,
  `qty` int(11) NOT NULL,
  `session_id` text NOT NULL,
  PRIMARY KEY (`id`)
) ENGINE=InnoDB AUTO_INCREMENT=41 DEFAULT CHARSET=latin1;
/*!40101 SET character_set_client = @saved_cs_client */;

--
-- Dumping data for table `cart`
--

LOCK TABLES `cart` WRITE;
/*!40000 ALTER TABLE `cart` DISABLE KEYS */;
INSERT INTO `cart` (`id`, `id_produk`, `qty`, `session_id`) VALUES (26,1,1,'64e85b111621693c704a6f9c6839990d'),(27,1,1,'64e85b111621693c704a6f9c6839990d'),(28,1,1,'64e85b111621693c704a6f9c6839990d'),(29,1,1,'64e85b111621693c704a6f9c6839990d'),(30,1,1,'67e08d5e62e0c0a0235bd2d7f8c20c34'),(34,1,8,'0189a01946100aacf82667e79884a0f6'),(35,1,1,'0189a01946100aacf82667e79884a0f6'),(36,1,1,'c6ee44b04b5e787d986573f4e25e6c74'),(37,1,1,'c6ee44b04b5e787d986573f4e25e6c74'),(40,1,1,'c6ee44b04b5e787d986573f4e25e6c74');
/*!40000 ALTER TABLE `cart` ENABLE KEYS */;
UNLOCK TABLES;

--
-- Table structure for table `detail_penjualan`
--

DROP TABLE IF EXISTS `detail_penjualan`;
/*!40101 SET @saved_cs_client     = @@character_set_client */;
/*!40101 SET character_set_client = utf8 */;
CREATE TABLE `detail_penjualan` (
  `id` int(11) NOT NULL AUTO_INCREMENT,
  `id_penjualan` int(11) NOT NULL,
  `id_produk` int(11) NOT NULL,
  `jumlah` int(11) NOT NULL,
  `harga` decimal(10,0) NOT NULL,
  `total` decimal(10,0) NOT NULL,
  PRIMARY KEY (`id`),
  KEY `id_penjualan` (`id_penjualan`),
  KEY `id_produk` (`id_produk`),
  CONSTRAINT `detail_penjualan_ibfk_1` FOREIGN KEY (`id_penjualan`) REFERENCES `penjualan` (`id`),
  CONSTRAINT `detail_penjualan_ibfk_2` FOREIGN KEY (`id_produk`) REFERENCES `produk` (`id`)
) ENGINE=InnoDB AUTO_INCREMENT=15 DEFAULT CHARSET=latin1;
/*!40101 SET character_set_client = @saved_cs_client */;

--
-- Dumping data for table `detail_penjualan`
--

LOCK TABLES `detail_penjualan` WRITE;
/*!40000 ALTER TABLE `detail_penjualan` DISABLE KEYS */;
INSERT INTO `detail_penjualan` (`id`, `id_penjualan`, `id_produk`, `jumlah`, `harga`, `total`) VALUES (4,1,1,1,350000,350000),(6,18,1,1,350000,350000),(8,20,1,1,350000,350000),(9,1,1,1,350000,350000),(10,21,1,1,350000,350000),(11,22,1,1,350000,350000),(13,24,1,1,350000,350000),(14,25,1,1,350000,350000);
/*!40000 ALTER TABLE `detail_penjualan` ENABLE KEYS */;
UNLOCK TABLES;

--
-- Table structure for table `galeri`
--

DROP TABLE IF EXISTS `galeri`;
/*!40101 SET @saved_cs_client     = @@character_set_client */;
/*!40101 SET character_set_client = utf8 */;
CREATE TABLE `galeri` (
  `id` int(11) NOT NULL AUTO_INCREMENT,
  `tanggal` date NOT NULL,
  `gambar` text NOT NULL,
  `id_admin` text NOT NULL,
  PRIMARY KEY (`id`)
) ENGINE=InnoDB AUTO_INCREMENT=3 DEFAULT CHARSET=latin1;
/*!40101 SET character_set_client = @saved_cs_client */;

--
-- Dumping data for table `galeri`
--

LOCK TABLES `galeri` WRITE;
/*!40000 ALTER TABLE `galeri` DISABLE KEYS */;
INSERT INTO `galeri` (`id`, `tanggal`, `gambar`, `id_admin`) VALUES (1,'2019-03-24','upload/abc6526405ec1850123a077f41e21eecd07b135450d744d235a2f4d530cf8e3e.jpg',''),(2,'2019-03-31','upload/1e6e35022ea2226a28fe255d308cfc45a1f175c37ab0435b85c6d2053c4a89a5.jpg','');
/*!40000 ALTER TABLE `galeri` ENABLE KEYS */;
UNLOCK TABLES;

--
-- Table structure for table `komisi`
--

DROP TABLE IF EXISTS `komisi`;
/*!40101 SET @saved_cs_client     = @@character_set_client */;
/*!40101 SET character_set_client = utf8 */;
CREATE TABLE `komisi` (
  `id` int(11) NOT NULL AUTO_INCREMENT,
  `id_penjualan` int(11) NOT NULL,
  `komisi` text NOT NULL,
  `jenis_komisi` text NOT NULL,
  `id_member` text NOT NULL,
  `tanggal` date NOT NULL,
  PRIMARY KEY (`id`),
  KEY `id_penjualan` (`id_penjualan`),
  CONSTRAINT `komisi_ibfk_1` FOREIGN KEY (`id_penjualan`) REFERENCES `penjualan` (`id`)
) ENGINE=InnoDB AUTO_INCREMENT=56 DEFAULT CHARSET=latin1;
/*!40101 SET character_set_client = @saved_cs_client */;

--
-- Dumping data for table `komisi`
--

LOCK TABLES `komisi` WRITE;
/*!40000 ALTER TABLE `komisi` DISABLE KEYS */;
INSERT INTO `komisi` (`id`, `id_penjualan`, `komisi`, `jenis_komisi`, `id_member`, `tanggal`) VALUES (40,1,'5000','PENJUALAN','2','2019-03-21'),(41,1,'5000','PENJUALAN','3','2019-03-21'),(42,1,'5000','PENJUALAN','4','2019-03-21'),(43,1,'10000','PENJUALAN','5','2019-03-21'),(44,1,'100000','REKRUT','6','2019-03-21'),(45,18,'5000','PENJUALAN','2','2019-03-27'),(46,18,'5000','PENJUALAN','3','2019-03-27'),(47,18,'5000','PENJUALAN','4','2019-03-27'),(48,18,'10000','PENJUALAN','5','2019-03-27'),(49,18,'100000','REKRUT','6','2019-03-27'),(50,20,'5000','PENJUALAN','3','2019-03-28'),(51,20,'5000','PENJUALAN','4','2019-03-28'),(52,20,'5000','PENJUALAN','5','2019-03-28'),(53,20,'10000','PENJUALAN','6','2019-03-28'),(54,20,'100000','REKRUT','7','2019-03-28'),(55,21,'25000','PENJUALAN','7','2019-04-03');
/*!40000 ALTER TABLE `komisi` ENABLE KEYS */;
UNLOCK TABLES;

--
-- Table structure for table `log_alamat`
--

DROP TABLE IF EXISTS `log_alamat`;
/*!40101 SET @saved_cs_client     = @@character_set_client */;
/*!40101 SET character_set_client = utf8 */;
CREATE TABLE `log_alamat` (
  `id` int(11) NOT NULL AUTO_INCREMENT,
  `id_member` int(11) NOT NULL,
  `alamat` text NOT NULL,
  `kecamatan` text NOT NULL,
  `kota` text NOT NULL,
  `provinsi` text NOT NULL,
  `kode_pos` text NOT NULL,
  PRIMARY KEY (`id`),
  KEY `id_member` (`id_member`)
) ENGINE=InnoDB DEFAULT CHARSET=latin1;
/*!40101 SET character_set_client = @saved_cs_client */;

--
-- Dumping data for table `log_alamat`
--

LOCK TABLES `log_alamat` WRITE;
/*!40000 ALTER TABLE `log_alamat` DISABLE KEYS */;
/*!40000 ALTER TABLE `log_alamat` ENABLE KEYS */;
UNLOCK TABLES;

--
-- Table structure for table `migrations`
--

DROP TABLE IF EXISTS `migrations`;
/*!40101 SET @saved_cs_client     = @@character_set_client */;
/*!40101 SET character_set_client = utf8 */;
CREATE TABLE `migrations` (
  `id` int(10) unsigned NOT NULL AUTO_INCREMENT,
  `migration` varchar(255) COLLATE utf8mb4_unicode_ci NOT NULL,
  `batch` int(11) NOT NULL,
  PRIMARY KEY (`id`)
) ENGINE=InnoDB AUTO_INCREMENT=3 DEFAULT CHARSET=utf8mb4 COLLATE=utf8mb4_unicode_ci;
/*!40101 SET character_set_client = @saved_cs_client */;

--
-- Dumping data for table `migrations`
--

LOCK TABLES `migrations` WRITE;
/*!40000 ALTER TABLE `migrations` DISABLE KEYS */;
INSERT INTO `migrations` (`id`, `migration`, `batch`) VALUES (1,'2014_10_12_000000_create_users_table',1),(2,'2014_10_12_100000_create_password_resets_table',1);
/*!40000 ALTER TABLE `migrations` ENABLE KEYS */;
UNLOCK TABLES;

--
-- Table structure for table `password_resets`
--

DROP TABLE IF EXISTS `password_resets`;
/*!40101 SET @saved_cs_client     = @@character_set_client */;
/*!40101 SET character_set_client = utf8 */;
CREATE TABLE `password_resets` (
  `email` varchar(255) COLLATE utf8mb4_unicode_ci NOT NULL,
  `token` varchar(255) COLLATE utf8mb4_unicode_ci NOT NULL,
  `created_at` timestamp NULL DEFAULT NULL,
  KEY `password_resets_email_index` (`email`)
) ENGINE=InnoDB DEFAULT CHARSET=utf8mb4 COLLATE=utf8mb4_unicode_ci;
/*!40101 SET character_set_client = @saved_cs_client */;

--
-- Dumping data for table `password_resets`
--

LOCK TABLES `password_resets` WRITE;
/*!40000 ALTER TABLE `password_resets` DISABLE KEYS */;
/*!40000 ALTER TABLE `password_resets` ENABLE KEYS */;
UNLOCK TABLES;

--
-- Table structure for table `pembayaran_komisi`
--

DROP TABLE IF EXISTS `pembayaran_komisi`;
/*!40101 SET @saved_cs_client     = @@character_set_client */;
/*!40101 SET character_set_client = utf8 */;
CREATE TABLE `pembayaran_komisi` (
  `id` int(11) NOT NULL AUTO_INCREMENT,
  `id_member` int(11) NOT NULL,
  `tanggal` date NOT NULL,
  `jumlah` decimal(10,0) NOT NULL,
  `bukti_transfer` text NOT NULL,
  PRIMARY KEY (`id`),
  KEY `id_member` (`id_member`)
) ENGINE=InnoDB AUTO_INCREMENT=2 DEFAULT CHARSET=latin1;
/*!40101 SET character_set_client = @saved_cs_client */;

--
-- Dumping data for table `pembayaran_komisi`
--

LOCK TABLES `pembayaran_komisi` WRITE;
/*!40000 ALTER TABLE `pembayaran_komisi` DISABLE KEYS */;
INSERT INTO `pembayaran_komisi` (`id`, `id_member`, `tanggal`, `jumlah`, `bukti_transfer`) VALUES (1,2,'2019-03-28',10000,'');
/*!40000 ALTER TABLE `pembayaran_komisi` ENABLE KEYS */;
UNLOCK TABLES;

--
-- Table structure for table `penjualan`
--

DROP TABLE IF EXISTS `penjualan`;
/*!40101 SET @saved_cs_client     = @@character_set_client */;
/*!40101 SET character_set_client = utf8 */;
CREATE TABLE `penjualan` (
  `id` int(11) NOT NULL AUTO_INCREMENT,
  `id_member` int(11) NOT NULL,
  `nama_pembeli` text NOT NULL,
  `email_pembeli` text NOT NULL,
  `nomor_telepon` text NOT NULL,
  `alamat_pengiriman` text NOT NULL,
  `kecamatan_pengiriman` text NOT NULL,
  `kota_pengiriman` text NOT NULL,
  `provinsi_pengiriman` text NOT NULL,
  `kode_pos_pengiriman` text NOT NULL,
  `tanggal` date NOT NULL,
  `sub_total` decimal(10,0) NOT NULL,
  `ongkir` decimal(10,0) NOT NULL,
  `total` decimal(10,0) NOT NULL,
  `status` text NOT NULL,
  `id_trafic` int(11) NOT NULL,
  `id_admin` text NOT NULL,
  `service_pengiriman` text NOT NULL,
  PRIMARY KEY (`id`),
  KEY `id_trafic` (`id_trafic`)
) ENGINE=InnoDB AUTO_INCREMENT=26 DEFAULT CHARSET=latin1;
/*!40101 SET character_set_client = @saved_cs_client */;

--
-- Dumping data for table `penjualan`
--

LOCK TABLES `penjualan` WRITE;
/*!40000 ALTER TABLE `penjualan` DISABLE KEYS */;
INSERT INTO `penjualan` (`id`, `id_member`, `nama_pembeli`, `email_pembeli`, `nomor_telepon`, `alamat_pengiriman`, `kecamatan_pengiriman`, `kota_pengiriman`, `provinsi_pengiriman`, `kode_pos_pengiriman`, `tanggal`, `sub_total`, `ongkir`, `total`, `status`, `id_trafic`, `id_admin`, `service_pengiriman`) VALUES (1,6,'Soni Hilman','soni@getnada.com','+62 822-1604-6418','rt.08/rw.03 kel.kebonwaru \r\n','kec.batununggal','Bandung','Jawa Barat','40121','2019-03-20',350000,11000,361000,'SUKSES',1,'kszxpo',''),(18,6,'Imam Mutaqien','devops@rm-rf.studio','0821399213','Komplek PPTN','Cimahi','Cimahi','Jawa Barat','40121','2019-03-27',350000,0,350000,'SUKSES',88,'kszxpo','DIJEMPUT'),(20,7,'Julius','julius@pilar.web.id','08123125123','Setia siBudi','-','Bandung','Jawa Barat','98236','2019-03-28',350000,0,350000,'SUKSES',118,'kszxpo','DIJEMPUT'),(21,0,'dzakirharista@gmail.com','dzakirharista@gmail.com','3134606488','Komple PPTN','Desa Giriasih Kecamatan Batujajar','Ketapang','Kalimantan Selatan','40561','2019-03-31',350000,0,350000,'SUKSES',122,'kszxpo','DIJEMPUT'),(22,6,'Melissa','melissa.evans@broshegroup.com','3134606488','ssd','gd','Bangka Barat','Bangka Belitung','324234','2019-03-31',350000,11000,361000,'PENDING',124,'','REG'),(24,6,'AppPharmacy','test@test.com','122213','hjdasj','sad','Kulon Progo','DI Yogyakarta','0011','2019-04-05',350000,16000,366000,'PENDING',116,'','OKE'),(25,0,'Hubla','test@test.com','0821312123','Komple PPTN','Desa Giriasih Kecamatan Batujajar','Lebak','Banten','40561','2019-04-05',350000,15000,365000,'PENDING',125,'','OKE');
/*!40000 ALTER TABLE `penjualan` ENABLE KEYS */;
UNLOCK TABLES;

--
-- Table structure for table `produk`
--

DROP TABLE IF EXISTS `produk`;
/*!40101 SET @saved_cs_client     = @@character_set_client */;
/*!40101 SET character_set_client = utf8 */;
CREATE TABLE `produk` (
  `id` int(11) NOT NULL AUTO_INCREMENT,
  `nama_produk` text NOT NULL,
  `harga` decimal(10,0) NOT NULL,
  `harga_member` decimal(10,0) NOT NULL,
  `deskripsi` longtext NOT NULL,
  `promo` longtext NOT NULL,
  `komisi` text NOT NULL,
  `gambar` text NOT NULL,
  `video` text NOT NULL,
  `berat` int(11) NOT NULL,
  PRIMARY KEY (`id`)
) ENGINE=InnoDB AUTO_INCREMENT=6 DEFAULT CHARSET=latin1;
/*!40101 SET character_set_client = @saved_cs_client */;

--
-- Dumping data for table `produk`
--

LOCK TABLES `produk` WRITE;
/*!40000 ALTER TABLE `produk` DISABLE KEYS */;
INSERT INTO `produk` (`id`, `nama_produk`, `harga`, `harga_member`, `deskripsi`, `promo`, `komisi`, `gambar`, `video`, `berat`) VALUES (1,'Nutrisio 30 ML',350000,250000,'NUTRISIO adalah Superdrink Jakonti (jamu tetes konsentrasi tinggi) dari formulasi ekstrak herbal murni yang terstandar untuk sel-sel otak dan terapi gangguan dengan saraf otak tepi.\r\n','Beli 20 dapat tambahan produk senilai 1 juta','[\n    {\n        \"komisi\": \"5000\"\n    },\n    {\n        \"komisi\": \"5000\"\n    },\n    {\n        \"komisi\": \"5000\"\n    },\n    {\n        \"komisi\": \"10000\"\n    }\n]','upload/445a09a3b3524c03012e78beb7d056833148ad0d03137c196cae4ed2ad5cb4ae.jpg','https://youtu.be/R8l2XLnKSFY',200);
/*!40000 ALTER TABLE `produk` ENABLE KEYS */;
UNLOCK TABLES;

--
-- Table structure for table `referal`
--

DROP TABLE IF EXISTS `referal`;
/*!40101 SET @saved_cs_client     = @@character_set_client */;
/*!40101 SET character_set_client = utf8 */;
CREATE TABLE `referal` (
  `id` int(11) NOT NULL AUTO_INCREMENT,
  `id_upline` int(11) NOT NULL,
  `id_member` int(11) NOT NULL,
  `komisi` decimal(10,0) NOT NULL,
  `tanggal` date NOT NULL,
  `id_lock_downline` int(11) NOT NULL,
  PRIMARY KEY (`id`),
  KEY `id_member` (`id_member`),
  KEY `id_lock_downline` (`id_lock_downline`)
) ENGINE=InnoDB DEFAULT CHARSET=latin1;
/*!40101 SET character_set_client = @saved_cs_client */;

--
-- Dumping data for table `referal`
--

LOCK TABLES `referal` WRITE;
/*!40000 ALTER TABLE `referal` DISABLE KEYS */;
/*!40000 ALTER TABLE `referal` ENABLE KEYS */;
UNLOCK TABLES;

--
-- Table structure for table `setting`
--

DROP TABLE IF EXISTS `setting`;
/*!40101 SET @saved_cs_client     = @@character_set_client */;
/*!40101 SET character_set_client = utf8 */;
CREATE TABLE `setting` (
  `id` int(11) NOT NULL AUTO_INCREMENT,
  `nama` text NOT NULL,
  `isi` text NOT NULL,
  PRIMARY KEY (`id`)
) ENGINE=InnoDB AUTO_INCREMENT=5 DEFAULT CHARSET=latin1;
/*!40101 SET character_set_client = @saved_cs_client */;

--
-- Dumping data for table `setting`
--

LOCK TABLES `setting` WRITE;
/*!40000 ALTER TABLE `setting` DISABLE KEYS */;
INSERT INTO `setting` (`id`, `nama`, `isi`) VALUES (1,'URL_GAMBAR','https://admin.nutrisio.rm-rf.studio/'),(2,'NOMOR REKENING','BCA,812832183821,Suryadi'),(4,'URL_ARTIKEL','https://nutrisio.rm-rf.studio/');
/*!40000 ALTER TABLE `setting` ENABLE KEYS */;
UNLOCK TABLES;

--
-- Table structure for table `trafic`
--

DROP TABLE IF EXISTS `trafic`;
/*!40101 SET @saved_cs_client     = @@character_set_client */;
/*!40101 SET character_set_client = utf8 */;
CREATE TABLE `trafic` (
  `id` int(11) NOT NULL AUTO_INCREMENT,
  `id_member` int(11) NOT NULL,
  `unique_id` longtext NOT NULL,
  `tanggal` date NOT NULL,
  `id_artikel` text NOT NULL,
  PRIMARY KEY (`id`),
  KEY `id_member` (`id_member`)
) ENGINE=InnoDB AUTO_INCREMENT=136 DEFAULT CHARSET=latin1;
/*!40101 SET character_set_client = @saved_cs_client */;

--
-- Dumping data for table `trafic`
--

LOCK TABLES `trafic` WRITE;
/*!40000 ALTER TABLE `trafic` DISABLE KEYS */;
INSERT INTO `trafic` (`id`, `id_member`, `unique_id`, `tanggal`, `id_artikel`) VALUES (115,7,'2896c3d89f1661b0284a17481d043721','2019-03-27','3'),(116,6,'b4cacd1f08b6eac0d490b355f8d04d99','2019-03-27','2'),(117,0,'67e08d5e62e0c0a0235bd2d7f8c20c34','2019-03-28',''),(119,7,'36d462dfef982d65b1fabd66016a744c','2019-03-28','3'),(120,0,'0189a01946100aacf82667e79884a0f6','2019-03-28',''),(121,6,'0c7f8634274c3e198f53120efeb6a1b5','2019-03-29',''),(123,6,'3e81da7513086a6d340f3f7c5582ff6e','2019-03-31','3'),(124,6,'88ad75fe9315572571a68d4551673581','2019-03-31','3'),(125,0,'26281a2b4db284b2b41911beca8fc72f','2019-03-31',''),(126,0,'c7ea75a4852bf697261cf5cd9b01ab7b','2019-03-31',''),(127,0,'a9fecc0638f525e6101d748dee331998','2019-03-31',''),(128,0,'5b46ab57c0c244d00566a3afdadf12d2','2019-04-01',''),(129,0,'ab7e8b29a91559041817488c9d0669c4','2019-04-01',''),(130,0,'e61a653b8935f4e1c6c75b7c841d36e5','2019-04-02',''),(131,6,'64e85b111621693c704a6f9c6839990d','2019-04-03','3'),(132,0,'c8765a698f2388d9b066dd4c9864eba3','2019-04-04',''),(133,0,'c6ee44b04b5e787d986573f4e25e6c74','2019-04-05',''),(134,0,'f03455698a47101b569b483c88de0ef1','2019-04-06',''),(135,0,'051f1da4632e7eee5e28e0b12e9e12e6','2019-04-06','');
/*!40000 ALTER TABLE `trafic` ENABLE KEYS */;
UNLOCK TABLES;

--
-- Table structure for table `users`
--

DROP TABLE IF EXISTS `users`;
/*!40101 SET @saved_cs_client     = @@character_set_client */;
/*!40101 SET character_set_client = utf8 */;
CREATE TABLE `users` (
  `id` bigint(20) unsigned NOT NULL AUTO_INCREMENT,
  `nama` varchar(255) COLLATE utf8mb4_unicode_ci NOT NULL,
  `email` varchar(255) COLLATE utf8mb4_unicode_ci NOT NULL,
  `email_verified_at` timestamp NULL DEFAULT NULL,
  `password` varchar(255) COLLATE utf8mb4_unicode_ci NOT NULL,
  `alamat` varchar(255) COLLATE utf8mb4_unicode_ci NOT NULL,
  `nomor_telepon` varchar(255) COLLATE utf8mb4_unicode_ci NOT NULL,
  `nama_bank` varchar(255) COLLATE utf8mb4_unicode_ci NOT NULL,
  `nomor_rekening` varchar(255) COLLATE utf8mb4_unicode_ci NOT NULL,
  `nama_rekening` varchar(255) COLLATE utf8mb4_unicode_ci NOT NULL,
  `upline` varchar(255) COLLATE utf8mb4_unicode_ci NOT NULL,
  `tanggal_join` date NOT NULL,
  `komisi` decimal(10,0) NOT NULL,
  `jumlah_transaksi` int(11) NOT NULL,
  `jumlah_barang` int(11) NOT NULL,
  `status` text COLLATE utf8mb4_unicode_ci NOT NULL,
  `remember_token` varchar(100) COLLATE utf8mb4_unicode_ci DEFAULT NULL,
  `created_at` timestamp NULL DEFAULT NULL,
  `updated_at` timestamp NULL DEFAULT NULL,
  PRIMARY KEY (`id`),
  UNIQUE KEY `users_email_unique` (`email`)
) ENGINE=InnoDB AUTO_INCREMENT=13 DEFAULT CHARSET=utf8mb4 COLLATE=utf8mb4_unicode_ci;
/*!40101 SET character_set_client = @saved_cs_client */;

--
-- Dumping data for table `users`
--

LOCK TABLES `users` WRITE;
/*!40000 ALTER TABLE `users` DISABLE KEYS */;
INSERT INTO `users` (`id`, `nama`, `email`, `email_verified_at`, `password`, `alamat`, `nomor_telepon`, `nama_bank`, `nomor_rekening`, `nama_rekening`, `upline`, `tanggal_join`, `komisi`, `jumlah_transaksi`, `jumlah_barang`, `status`, `remember_token`, `created_at`, `updated_at`) VALUES (1,'taufan','taufan@test.com',NULL,'$2y$10$2uc8RDgCMppSEwJFs0iHs.DWa6SSgkRy3SJ.VH22/t6pnG3YyBVYi','','','','','','[    {       \"LEVEL1\":\"0\"    },    {       \"LEVEL2\":\"0\"    },    {       \"LEVEL3\":\"0\"    },    {       \"LEVEL4\":\"1\"    } ]','0000-00-00',0,0,0,'AKTIF',NULL,'2019-03-18 07:20:37','2019-03-18 07:20:37'),(2,'Dzakir Harist Abdullah','dzakirharista@gmail.com',NULL,'$2y$10$2uc8RDgCMppSEwJFs0iHs.DWa6SSgkRy3SJ.VH22/t6pnG3YyBVYi','Jl Junaedi no 6 Kota Bandung','081223744803','BCA Syariah','0350042248','','[\r\n   {\r\n      \"LEVEL1\":\"0\"\r\n   },\r\n   {\r\n      \"LEVEL2\":\"0\"\r\n   },\r\n   {\r\n      \"LEVEL3\":\"0\"\r\n   },\r\n   {\r\n      \"LEVEL4\":\"0\"\r\n   }\r\n]','2019-03-14',10000,0,0,'AKTIF',NULL,NULL,NULL),(3,'Ananda Mahdar','mahar@getnada.cpm',NULL,'','Jl Cibodas No.1','081223744803','Bank RIBA','0213219312','','[\r\n   {\r\n      \"LEVEL1\":\"0\"\r\n   },\r\n   {\r\n      \"LEVEL2\":\"0\"\r\n   },\r\n   {\r\n      \"LEVEL3\":\"0\"\r\n   },\r\n   {\r\n      \"LEVEL4\":\"2\"\r\n   }\r\n]','2019-03-18',15000,0,0,'AKTIF',NULL,NULL,NULL),(4,'Andy ABa','andy@getnada.cpm',NULL,'','Surapati Core','081223744803','Bank RIBA','0213219312','','[\r\n   {\r\n      \"LEVEL1\":\"0\"\r\n   },\r\n   {\r\n      \"LEVEL2\":\"0\"\r\n   },\r\n   {\r\n      \"LEVEL3\":\"2\"\r\n   },\r\n   {\r\n      \"LEVEL4\":\"3\"\r\n   }\r\n]','2019-03-18',15000,0,0,'AKTIF',NULL,NULL,NULL),(5,'Julius','julius@getnada.cpm',NULL,'','Setia Budi','081223744803','Bank RIBA','0213219312','','[\r\n   {\r\n      \"LEVEL1\":\"0\"\r\n   },\r\n   {\r\n      \"LEVEL2\":\"2\"\r\n   },\r\n   {\r\n      \"LEVEL3\":\"3\"\r\n   },\r\n   {\r\n      \"LEVEL4\":\"4\"\r\n   }\r\n]','2019-03-18',25000,0,0,'AKTIF',NULL,NULL,NULL),(6,'Taufan Tritama Putra','test@test.com',NULL,'$2y$10$2uc8RDgCMppSEwJFs0iHs.DWa6SSgkRy3SJ.VH22/t6pnG3YyBVYi','Jl Junaedi no 6 Kota Bandung','081223744803','BCA','41242141','','[\r\n   {\r\n      \"LEVEL1\":\"2\"\r\n   },\r\n   {\r\n      \"LEVEL2\":\"3\"\r\n   },\r\n   {\r\n      \"LEVEL3\":\"4\"\r\n   },\r\n   {\r\n      \"LEVEL4\":\"5\"\r\n   }\r\n]','2019-03-18',210000,0,0,'AKTIF',NULL,NULL,NULL),(7,'Soni Hilman','soni@getnada.com',NULL,'$2y$10$2uc8RDgCMppSEwJFs0iHs.DWa6SSgkRy3SJ.VH22/t6pnG3YyBVYi','rt.08/rw.03 kel.kebonwaru \r\n\r\nkec.batununggal <br>Bandung <br>Jawa Barat <br>40121','+62 822-1604-6418','','','','[\r\n    {\r\n        \"LEVEL1\": \"3\"\r\n    },\r\n    {\r\n        \"LEVEL2\": \"4\"\r\n    },\r\n    {\r\n        \"LEVEL3\": \"5\"\r\n    },\r\n    {\r\n        \"LEVEL4\": \"6\"\r\n    }\r\n]','2019-03-21',100000,0,0,'AKTIF',NULL,NULL,NULL),(9,'Imam Mutaqien','devops@rm-rf.studio',NULL,'$2y$10$NhENEekktGstib6qxbnPP.904zGqWOwpWcNaURoPZTHH.1Os83FeC','Komplek PPTN\nCimahi <br>Cimahi <br>Jawa Barat <br>40121','0821399213','','','','[\n    {\n        \"LEVEL1\": \"3\"\n    },\n    {\n        \"LEVEL2\": \"4\"\n    },\n    {\n        \"LEVEL3\": \"5\"\n    },\n    {\n        \"LEVEL4\": \"6\"\n    }\n]','2019-03-27',0,0,0,'AKTIF',NULL,NULL,NULL),(11,'Julius','julius@pilar.web.id',NULL,'$2y$10$56EY4NLqKdksNTv.gIZGSOlDUG/xKcoXvyApc.hlaGZuJMFvXvGcK','Setia siBudi\n- <br>Bandung <br>Jawa Barat <br>98236','08123125123','','','','[\n    {\n        \"LEVEL1\": \"4\"\n    },\n    {\n        \"LEVEL2\": \"5\"\n    },\n    {\n        \"LEVEL3\": \"6\"\n    },\n    {\n        \"LEVEL4\": \"7\"\n    }\n]','2019-03-28',0,0,0,'AKTIF',NULL,NULL,NULL);
/*!40000 ALTER TABLE `users` ENABLE KEYS */;
UNLOCK TABLES;

--
-- Temporary table structure for view `view_buku_induk2`
--

DROP TABLE IF EXISTS `view_buku_induk2`;
/*!50001 DROP VIEW IF EXISTS `view_buku_induk2`*/;
SET @saved_cs_client     = @@character_set_client;
SET character_set_client = utf8;
/*!50001 CREATE VIEW `view_buku_induk2` AS SELECT 
 1 AS `id`,
 1 AS `SUM(komisi.komisi)`,
 1 AS `totalPenjualan`,
 1 AS `tanggal`*/;
SET character_set_client = @saved_cs_client;

--
-- Temporary table structure for view `view_rekap_komisi`
--

DROP TABLE IF EXISTS `view_rekap_komisi`;
/*!50001 DROP VIEW IF EXISTS `view_rekap_komisi`*/;
SET @saved_cs_client     = @@character_set_client;
SET character_set_client = utf8;
/*!50001 CREATE VIEW `view_rekap_komisi` AS SELECT 
 1 AS `id`,
 1 AS `id_penjualan`,
 1 AS `komisi`,
 1 AS `jenis_komisi`,
 1 AS `id_member`,
 1 AS `tanggal`*/;
SET character_set_client = @saved_cs_client;

--
-- Final view structure for view `view_buku_induk2`
--

/*!50001 DROP VIEW IF EXISTS `view_buku_induk2`*/;
/*!50001 SET @saved_cs_client          = @@character_set_client */;
/*!50001 SET @saved_cs_results         = @@character_set_results */;
/*!50001 SET @saved_col_connection     = @@collation_connection */;
/*!50001 SET character_set_client      = utf8mb4 */;
/*!50001 SET character_set_results     = utf8mb4 */;
/*!50001 SET collation_connection      = utf8mb4_general_ci */;
/*!50001 CREATE ALGORITHM=UNDEFINED */
/*!50013 DEFINER=`root`@`localhost` SQL SECURITY DEFINER */
/*!50001 VIEW `view_buku_induk2` AS select `users`.`id` AS `id`,sum(`komisi`.`komisi`) AS `SUM(komisi.komisi)`,(select count(`komisi`.`id`) from `komisi` where ((`komisi`.`jenis_komisi` = 'PENJUALAN') and (`komisi`.`id_member` = `users`.`id`))) AS `totalPenjualan`,`komisi`.`tanggal` AS `tanggal` from (`komisi` left join `users` on((`users`.`id` = `komisi`.`id_member`))) where (`komisi`.`komisi` > 0) group by `users`.`id` */;
/*!50001 SET character_set_client      = @saved_cs_client */;
/*!50001 SET character_set_results     = @saved_cs_results */;
/*!50001 SET collation_connection      = @saved_col_connection */;

--
-- Final view structure for view `view_rekap_komisi`
--

/*!50001 DROP VIEW IF EXISTS `view_rekap_komisi`*/;
/*!50001 SET @saved_cs_client          = @@character_set_client */;
/*!50001 SET @saved_cs_results         = @@character_set_results */;
/*!50001 SET @saved_col_connection     = @@collation_connection */;
/*!50001 SET character_set_client      = utf8 */;
/*!50001 SET character_set_results     = utf8 */;
/*!50001 SET collation_connection      = utf8_general_ci */;
/*!50001 CREATE ALGORITHM=UNDEFINED */
/*!50013 DEFINER=`root`@`localhost` SQL SECURITY DEFINER */
/*!50001 VIEW `view_rekap_komisi` AS select `komisi`.`id` AS `id`,`komisi`.`id_penjualan` AS `id_penjualan`,`komisi`.`komisi` AS `komisi`,`komisi`.`jenis_komisi` AS `jenis_komisi`,`komisi`.`id_member` AS `id_member`,`komisi`.`tanggal` AS `tanggal` from `komisi` group by `komisi`.`id_member` */;
/*!50001 SET character_set_client      = @saved_cs_client */;
/*!50001 SET character_set_results     = @saved_cs_results */;
/*!50001 SET collation_connection      = @saved_col_connection */;
/*!40103 SET TIME_ZONE=@OLD_TIME_ZONE */;

/*!40101 SET SQL_MODE=@OLD_SQL_MODE */;
/*!40014 SET FOREIGN_KEY_CHECKS=@OLD_FOREIGN_KEY_CHECKS */;
/*!40014 SET UNIQUE_CHECKS=@OLD_UNIQUE_CHECKS */;
/*!40101 SET CHARACTER_SET_CLIENT=@OLD_CHARACTER_SET_CLIENT */;
/*!40101 SET CHARACTER_SET_RESULTS=@OLD_CHARACTER_SET_RESULTS */;
/*!40101 SET COLLATION_CONNECTION=@OLD_COLLATION_CONNECTION */;
/*!40111 SET SQL_NOTES=@OLD_SQL_NOTES */;

-- Dump completed on 2019-04-07 18:30:49
